key,fr,pcm,yo,ha,ig,used_in
".ttf, .otf, .woff or .woff2 · up to 6 files · 2 MB each",".ttf, .otf, .woff ou .woff2 · jusqu'à 6 fichiers · 2 Mo chacun",".ttf, .otf, .woff or .woff2 · 6 files at most · 2 MB each",".ttf, .otf, .woff tàbí .woff2 · tó 6 fáìlì · 2 MB kọ̀ọ̀kan",".ttf, .otf, .woff ko .woff2 · har fayiloli 6 · 2 MB kowanne",".ttf, .otf, .woff ma ọ bụ .woff2 · ruo faịlụ 6 · 2 MB nke ọ bụla","src/components/fonts/FontStudio.tsx:159"
"(optional)","(facultatif)","(no be must)","(àṣàyàn)","(ba dole ba)","(ọ bụghị ihe ị ga-eme)","src/components/fonts/FontStudio.tsx:144 src/components/fonts/FontStudio.tsx:149"
"(prototype: shown from your profile name)","(prototype : affiché d'après le nom de votre profil)","(prototype: we take am from your profile name)","(àyẹ̀wò àkọ́kọ́: a mú un láti orúkọ prófáìlì rẹ)","(samfurin gwaji: an nuna daga sunan profayil ɗinka)","(prototype: e si n'aha profaịlụ gị gosi ya)","src/components/creator/views.tsx:250"
"{approved} approved template","{approved} modèle approuvé","{approved} approved template","Àwòṣe {approved} tí a fọwọ́ sí","Samfuri {approved} da aka amince","template {approved} e kwenyere","src/components/creator/views.tsx:395"
"{approved} approved templates","{approved} modèles approuvés","{approved} approved templates","Àwọn àwòṣe {approved} tí a fọwọ́ sí","Samfuran da aka amince {approved}","template {approved} e kwenyere","src/components/creator/views.tsx:395"
"{available} available","{available} disponibles","{available} dey available","{available} wà","{available} akwai","{available} dị","src/components/creator/views.tsx:90"
"{blurb}. Enter a template when you submit it. Closes {closes}.","{blurb}. Inscrivez un modèle lors de sa soumission. Clôture le {closes}.","{blurb}. Enter template when you dey submit am. E go close {closes}.","{blurb}. Fi àwòṣe wọlé nígbà tí o bá fi ránṣẹ́. Ó parí {closes}.","{blurb}. Shigar da samfuri lokacin da kake aikawa. Za a rufe {closes}.","{blurb}. Tinye template mgbe ị na-ebunye ya. Na-emechi {closes}.","src/components/creator/views.tsx:98"
"{cat} · {count} style","{cat} · {count} style","{cat} · {count} style","{cat} · ọ̀nà {count}","{cat} · salo {count}","{cat} · ụdị {count}","src/components/fonts/FontStudio.tsx:270 src/components/fonts/FontsView.tsx:62"
"{cat} · {count} styles","{cat} · {count} styles","{cat} · {count} styles","{cat} · ọ̀nà {count}","{cat} · salo-salo {count}","{cat} · ụdị {count}","src/components/fonts/FontStudio.tsx:270 src/components/fonts/FontsView.tsx:62"
"{cat} · by {by}","{cat} · par {by}","{cat} · by {by}","{cat} · láti ọwọ́ {by}","{cat} · na {by}","{cat} · site n’aka {by}","src/components/fonts/FontsView.tsx:85"
"{cat} · updated {updated}","{cat} · mise à jour {updated}","{cat} · updated {updated}","{cat} · a ṣàtúnṣe {updated}","{cat} · an sabunta {updated}","{cat} · emelitere {updated}","src/components/fonts/FontStudio.tsx:302"
"{cat} templates","Modèles {cat}","{cat} templates","Àwọn àwòṣe {cat}","Samfuran {cat}","Template {cat}","src/components/design/views.tsx:131"
"{changes} need changes","{changes} à modifier","{changes} need changes","{changes} nílò àtúnṣe","{changes} na buƙatar gyara","{changes} chọrọ mgbanwe","src/components/creator/views.tsx:37 src/components/creator/views.tsx:69"
"{count} item is outside the safe area","{count} élément(s) hors de la zone de sécurité","{count} item dey outside di safe area","Ohun {count} wà lẹ́yìn agbègbè ààbò","Abu {count} yana wajen yankin tsaro","Ihe {count} dị n'èzí mpaghara nchekwa","src/components/editor/useDesign.ts:48"
"{count} print check needs a look. You can still continue.","{count} vérification d'impression à examiner. Vous pouvez quand même continuer.","{count} print check need make you look am. You fit still continue.","Àyẹ̀wò ìtẹ̀wé {count} nílò àfiyèsí. O ṣì lè tẹ̀síwájú.","Binciken bugawa {count} yana buƙatar dubawa. Za ka iya ci gaba duk da haka.","Nlele mbipụta {count} chọrọ ilele. Ị ka nwere ike ịga n'ihu.","src/components/editor/SendToPrinter.tsx:62"
"{count} replaced","{count} remplacé(s)","{count} don replace","A ti rọ {count} padà","An maye gurbin {count}","E dochiela {count}","src/components/docs/Dialogs.tsx:40"
"{count} suggested edits in this document.","{count} modifications suggérées dans ce document.","{count} suggested edits dey inside this document.","{count} àtúnṣe tí a dá lábàá wà nínú ìwé yìí.","Shawarwarin gyara {count} a wannan takarda.","E nwere {count} mgbanwe a tụrụ aro n’akwụkwọ a.","src/components/docs/Dialogs.tsx:244"
"{count} to fix","{count} à corriger","{count} to fix","{count} láti tún ṣe","{count} a gyara","{count} ka a rụzie","src/components/editor/EditorShell.tsx:329 src/components/docs/DocsEditor.tsx:656 src/components/docs/DocsEditor.tsx:693"
"{count} words","{count} mots","{count} words","ọ̀rọ̀ {count}","kalmomi {count}","okwu {count}","src/components/editor/EditorShell.tsx:354 src/components/docs/DocsEditor.tsx:687"
"{cw}"" × {ch}"" is created as a custom print size in the editor.","{cw}"" × {ch}"" sera créé comme format d'impression personnalisé dans l'éditeur.","{cw}"" × {ch}"" go dey create as your own print size for editor.","A ṣẹ̀dá {cw}"" × {ch}"" gẹ́gẹ́ bí ìwọ̀n ìtẹ̀wé tí o yàn nínú olùṣàtúnṣe.","Za a ƙirƙiri {cw}"" × {ch}"" a matsayin girman ɗab’i na musamman a editan.","A na-emepụta {cw}"" × {ch}"" dịka nha mbipụta ahọpụtara n’editọ.","src/components/design/overlays.tsx:108"
"{km} km","{km} km","{km} km","{km} km","{km} km","{km} km","src/components/docs/DocsEditor.tsx:661"
"{km} km away","à {km} km","{km} km from here","{km} km sí ọ","nisan km {km}","{km} km site ebe a","src/components/editor/SendToPrinter.tsx:89"
"{label} · {size} · edited {edited}","{label} · {size} · modifié {edited}","{label} · {size} · edited {edited}","{label} · {size} · a ṣàtúnṣe {edited}","{label} · {size} · an gyara {edited}","{label} · {size} · edegharịrị {edited}","src/components/design/overlays.tsx:145"
"{label} · {size} · updated {updated}","{label} · {size} · mis à jour {updated}","{label} · {size} · updated {updated}","{label} · {size} · a ṣe àtúnṣe {updated}","{label} · {size} · an sabunta {updated}","{label} · {size} · e megharịrị {updated}","src/components/creator/dialogs.tsx:121"
"{ledgerCount} approved templates","{ledgerCount} modèles approuvés","{ledgerCount} approved templates","Àwọn àwòṣe {ledgerCount} tí a fọwọ́ sí","Samfuran da aka amince {ledgerCount}","template {ledgerCount} e kwenyere","src/components/creator/views.tsx:304"
"{n} KB","{n} Ko","{n} KB","{n} KB","{n} KB","{n} KB","src/components/fonts/FontStudio.tsx:169"
"{name} could not be read as a font. It may be damaged.","{name} n'a pas pu être lu comme police. Il est peut-être endommagé.","We no fit read {name} as font. E fit don spoil.","Kò ṣeé ka {name} gẹ́gẹ́ bí fọ́ńtì. Ó lè ti bàjẹ́.","Ba a iya karanta {name} a matsayin font ba. Wataƙila ya lalace.","Enweghị ike ịgụ {name} dịka font. Ikekwe ọ merụrụ.","src/components/fonts/FontStudio.tsx:73"
"{name} could not be read.","{name} n'a pas pu être lu.","We no fit read {name}.","Kò ṣeé ka {name}.","Ba a iya karanta {name} ba.","Enweghị ike ịgụ {name}.","src/components/fonts/FontStudio.tsx:75"
"{name} has your file","{name} a votre fichier","{name} don get your file","{name} ti gba fáìlì rẹ","{name} yana da fayil ɗinka","{name} nwere faịlụ gị","src/components/editor/SendToPrinter.tsx:117"
"{name} is already added.","{name} est déjà ajouté.","{name} don already dey.","A ti fi {name} kún un tẹ́lẹ̀.","An riga an ƙara {name}.","Etinyelarị {name}.","src/components/fonts/FontStudio.tsx:68"
"{name}: coming soon","{name} : bientôt disponible","{name}: e dey come soon","{name}: ń bọ̀ láìpẹ́","{name}: yana zuwa nan ba da daɗewa ba","{name}: na-abịa n'oge na-adịghị anya","src/components/AppsMenu.tsx:60"
"{name}: over 2 MB. Choose a smaller file.","{name} : dépasse 2 Mo. Choisissez un fichier plus léger.","{name}: e pass 2 MB. Choose smaller file.","{name}: ó ju 2 MB lọ. Yan fáìlì tó kéré jù.","{name}: ya wuce 2 MB. Zaɓi fayil mafi ƙanƙanta.","{name}: karịrị 2 MB. Họrọ faịlụ pere mpe.","src/components/fonts/FontStudio.tsx:67"
"{name}: use a .ttf, .otf, .woff or .woff2 file.","{name} : utilisez un fichier .ttf, .otf, .woff ou .woff2.","{name}: use .ttf, .otf, .woff or .woff2 file.","{name}: lo fáìlì .ttf, .otf, .woff tàbí .woff2.","{name}: yi amfani da fayil na .ttf, .otf, .woff ko .woff2.","{name}: jiri faịlụ .ttf, .otf, .woff ma ọ bụ .woff2.","src/components/fonts/FontStudio.tsx:66"
"{ordersCount} orders · {spent} in total","{ordersCount} commandes · {spent} au total","{ordersCount} orders · {spent} in total","{ordersCount} àṣẹ · {spent} lápapọ̀","Odar {ordersCount} · {spent} gaba ɗaya","Iwu {ordersCount} · {spent} n’ime ngụkọta","src/components/design/views.tsx:242"
"{payoutsCount} payout","{payoutsCount} versement","{payoutsCount} payout","Ìsanwó {payoutsCount}","Biyan kuɗi {payoutsCount}","ịkwụ ụgwọ {payoutsCount}","src/components/creator/views.tsx:340"
"{payoutsCount} payouts","{payoutsCount} versements","{payoutsCount} payouts","Ìsanwó {payoutsCount}","Biyan kuɗi {payoutsCount}","ịkwụ ụgwọ {payoutsCount}","src/components/creator/views.tsx:340"
"{rows} × {cols}","{rows} × {cols}","{rows} × {cols}","{rows} × {cols}","{rows} × {cols}","{rows} × {cols}","src/components/docs/MenuBar.tsx:61"
"{rows} by {cols} table","Tableau de {rows} sur {cols}","Table of {rows} by {cols}","Tábìlì {rows} ní {cols}","Tebur na {rows} da {cols}","Tebụl {rows} na {cols}","src/components/docs/MenuBar.tsx:57"
"{school}. Student perks are on until {expires}. Verification lasts up to {months} months, then you apply again.","{school}. Avantages étudiants activés jusqu'au {expires}. La vérification dure jusqu'à {months} mois, puis vous refaites la demande.","{school}. Student perks go dey on till {expires}. Verification dey last {months} months at most, then you go apply again.","{school}. Àwọn àǹfààní akẹ́kọ̀ọ́ ṣí títí di {expires}. Ìfìdímúlẹ̀ wà títí di oṣù {months}, lẹ́yìn náà ni o tún máa béèrè.","{school}. Fa’idodin ɗalibi a buɗe suke har {expires}. Tabbatarwa na ɗaukar har watanni {months}, sannan sai ka sake nema.","{school}. Uru nwa akwụkwọ dị ruo {expires}. Nkwenye na-adịru ruo ọnwa {months}, mgbe ahụ ị ga-etinyeghachi akwụkwọ.","src/components/student/StudentView.tsx:187"
"{shownCount} fonts","{shownCount} polices","{shownCount} fonts","Fọ́ńtì {shownCount}","Fonts {shownCount}","Font {shownCount}","src/components/fonts/FontsView.tsx:51"
"{shownCount} of {designsCount} files","{shownCount} fichiers sur {designsCount}","{shownCount} for {designsCount} files","{shownCount} lára fáìlì {designsCount}","{shownCount} cikin fayiloli {designsCount}","faịlụ {shownCount} n'ime {designsCount}","src/components/design/views.tsx:167"
"{shownCount} of {templatesCount} templates","{shownCount} sur {templatesCount} modèles","{shownCount} of {templatesCount} templates","{shownCount} nínú àwọn àwòṣe {templatesCount}","{shownCount} cikin samfuri {templatesCount}","template {shownCount} n'ime {templatesCount}","src/components/creator/views.tsx:135"
"{toGo} more until you can request a payout. The minimum is {minPayout}.","Encore {toGo} avant de pouvoir demander un versement. Le minimum est de {minPayout}.","{toGo} more before you fit ask for payout. The minimum na {minPayout}.","{toGo} sí i kí o tó lè béèrè fún ìsanwó. Ìwọ̀n tó kéré jù ni {minPayout}.","Saura {toGo} kafin ka iya neman biyan kuɗi. Mafi ƙaranci shi ne {minPayout}.","{toGo} ọzọ tupu ị nwee ike ịrịọ ịkwụ ụgwọ. Ọnụọgụ kacha ala bụ {minPayout}.","src/components/creator/views.tsx:91"
"@yourbrand","@votremarque","@yourbrand","@yourbrand","@alamarka","@brandgị","src/data/creator-app.ts:67"
"× {label} · {total}","× {label} · {total}","× {label} · {total}","× {label} · {total}","× {label} · {total}","× {label} · {total}","src/components/design/parts.tsx:110"
"1 Oct","1 oct.","1 Oct","1 Oct","1 Okt","1 Oct","src/data/creator-app.ts:61 src/data/fonts.ts:60"
"1. Bank account","1. Compte bancaire","1. Bank account","1. Àkáǹtì báńkì","1. Asusun banki","1. Akaụntụ banki","src/components/creator/views.tsx:235"
"10 Sep","10 sept.","10 Sep","10 Sep","10 Sat","10 Sep","src/data/creator-app.ts:84"
"10-digit NUBAN","NUBAN à 10 chiffres","10-digit NUBAN","NUBAN oní-díjítì 10","NUBAN mai lamba 10","NUBAN ọnụọgụ 10","src/components/creator/views.tsx:245"
"100 level","Niveau 100","100 level","Ìpele 100","Matakin 100","Ọkwa 100","src/data/student.ts:26 src/data/creators.ts:129"
"100gsm bond","100 g bond","100gsm bond","bọ́ńdì 100gsm","100gsm bond","100gsm bond","src/components/editor/data.ts:106"
"1080 × 1080 px","1080 × 1080 px","1080 × 1080 px","1080 × 1080 px","1080 × 1080 px","1080 × 1080 px","src/data/creator-app.ts:25"
"1080 × 1920 px","1080 × 1920 px","1080 × 1920 px","1080 × 1920 px","1080 × 1920 px","1080 × 1920 px","src/data/creator-app.ts:26 src/data/creator-app.ts:33"
"11 × 14 in","11 × 14 in","11 × 14 in","11 × 14 in","11 × 14 in","11 × 14 in","src/data/creator-app.ts:19"
"11-digit BVN","BVN à 11 chiffres","11-digit BVN","BVN oní-díjítì 11","BVN mai lamba 11","BVN ọnụọgụ 11","src/components/creator/views.tsx:258"
"11-digit National ID","Pièce d'identité nationale à 11 chiffres","11-digit National ID","Nọ́ńbà Ìdánimọ̀ Orílẹ̀-èdè oní-díjítì 11","Katin shaida na ƙasa mai lamba 11","ID Obodo ọnụọgụ 11","src/components/creator/views.tsx:257"
"12 July, 11:05 am","12 juillet, 11:05","12 July, 11:05 am","Ọjọ́ 12 Oṣù Keje, 11:05 àárọ̀","12 ga Yuli, 11:05 na safe","12 Julaị, 11:05 n’ụtụtụ","src/components/docs/content.ts:61"
"12 Sep","12 sept.","12 Sep","12 Sep","12 Sat","12 Sep","src/data/creator-app.ts:58"
"1280 × 720 px","1280 × 720 px","1280 × 720 px","1280 × 720 px","1280 × 720 px","1280 × 720 px","src/data/creator-app.ts:34"
"130gsm gloss","130 g brillant","130gsm gloss","aláwọ̀ dídán 130gsm","130gsm gloss","130gsm gloss","src/components/editor/data.ts:95"
"14 Sep","14 sept.","14 Sep","14 Sep","14 Sat","14 Sep","src/data/creator-app.ts:64"
"15 Sep","15 sept.","15 Sep","15 Sep","15 Sat","15 Sep","src/data/fonts.ts:58"
"15% off all services","15 % de remise sur tous les services","15% off for all services","15% ìdínwó lórí gbogbo iṣẹ́","Ragi 15% a kan duk ayyuka","Ọnụ ahịa dara 15% n’ọrụ niile","src/components/design/data.ts:86"
"16 Sep","16 sept.","16 Sep","16 Sep","16 Sat","16 Sep","src/data/creator-app.ts:58 src/data/creator-app.ts:79"
"16:9 slides","Diapositives 16:9","16:9 slides","Ìgbékalẹ̀ 16:9","Silaid 16:9","Slaid 16:9","src/data/creator-app.ts:27"
"16:9 slides, shown on screen","Diapositives 16:9, affichées à l'écran","16:9 slides, for screen","Ìgbékalẹ̀ 16:9, tí a fihàn lórí ìbòjú","Silaid 16:9, ana nuna su a allo","Slaid 16:9, a na-egosi n'ihuenyo","src/components/design/data.ts:28"
"170gsm gloss","170 g brillant","170gsm gloss","aláwọ̀ dídán 170gsm","170gsm gloss","170gsm gloss","src/components/editor/data.ts:96"
"18 Sep","18 sept.","18 Sep","18 Sep","18 Sat","18 Sep","src/data/creator-app.ts:64"
"2 days ago","Il y a 2 jours","2 days don pass","Ọjọ́ 2 sẹ́yìn","Kwanaki 2 da suka wuce","Ụbọchị 2 gara aga","src/components/design/data.ts:70"
"2 hours ago","Il y a 2 heures","2 hours don pass","Wákàtí 2 sẹ́yìn","Awa 2 da suka wuce","Awa 2 gara aga","src/components/design/data.ts:61"
"2 Oct","2 oct.","2 Oct","2 Oct","2 Okt","2 Oct","src/data/creator-app.ts:62 src/data/creator-app.ts:63 src/data/fonts.ts:59"
"2 Sep","2 sept.","2 Sep","2 Sep","2 Sat","2 Sep","src/data/creator-app.ts:67 src/data/creator-app.ts:77"
"2 weeks ago","Il y a 2 semaines","2 weeks don pass","Ọ̀sẹ̀ 2 sẹ́yìn","Makonni 2 da suka wuce","Izu 2 gara aga","src/components/design/data.ts:66"
"2. Verify it is you","2. Vérifiez votre identité","2. Verify say na you","2. Fìdí rẹ̀ múlẹ̀ pé ìwọ ni","2. Tabbatar kai ne","2. Kwado na ọ bụ gị","src/components/creator/views.tsx:253"
"20 Sep","20 sept.","20 Sep","20 Sep","20 Sat","20 Sep","src/data/creator-app.ts:59 src/data/fonts.ts:58"
"20% off everything","20 % de remise sur tout","20% off for everything","20% ìdínwó lórí gbogbo nǹkan","Ragi 20% a kan komai","Ọnụ ahịa dara 20% n’ihe niile","src/components/editor/data.ts:24 src/components/design/data.ts:84"
"200 level","Niveau 200","200 level","Ìpele 200","Matakin 200","Ọkwa 200","src/data/student.ts:26 src/data/creators.ts:129"
"23 Sep","23 sept.","23 Sep","23 Sep","23 Sat","23 Sep","src/data/creator-app.ts:68"
"24 Sep","24 sept.","24 Sep","24 Sep","24 Sat","24 Sep","src/data/creator-app.ts:59 src/data/creator-app.ts:80"
"250gsm matt","250 g mat","250gsm matt","aláìdán 250gsm","250gsm matt","250gsm matt","src/components/editor/data.ts:97"
"27 Adeola Odeku St, Victoria Island, Lagos","27 Adeola Odeku St, Victoria Island, Lagos","27 Adeola Odeku St, Victoria Island, Lagos","27 Adeola Odeku St, Victoria Island, Lagos","27 Adeola Odeku St, Victoria Island, Lagos","27 Adeola Odeku St, Victoria Island, Lagos","src/components/editor/data.ts:26"
"27 Sep","27 sept.","27 Sep","27 Sep","27 Sat","27 Sep","src/data/creator-app.ts:61 src/data/creator-app.ts:68 src/data/creator-app.ts:81"
"28 Sep","28 sept.","28 Sep","28 Sep","28 Sat","28 Sep","src/data/fonts.ts:60"
"29 Sep","29 sept.","29 Sep","29 Sep","29 Sat","29 Sep","src/data/creator-app.ts:60"
"2h","2 h","2h","wákàtí 2","awa 2","awa 2","src/components/docs/content.ts:67 src/components/editor/data.ts:81"
"3 × 3 in","3 × 3 in","3 × 3 in","3 × 3 íǹṣì","3 × 3 in","3 × 3 in","src/components/design/data.ts:169 src/data/creator-app.ts:16"
"3 days ago","Il y a 3 jours","3 days don pass","Ọjọ́ 3 sẹ́yìn","Kwana 3 da suka wuce","Ụbọchị 3 gara aga","src/components/design/data.ts:63"
"3 Oct","3 oct.","3 Oct","3 Oct","3 Okt","3 Oct","src/data/creator-app.ts:65"
"3 weeks ago","Il y a 3 semaines","3 weeks don pass","Ọ̀sẹ̀ 3 sẹ́yìn","Makonni 3 da suka wuce","Izu 3 gara aga","src/components/design/data.ts:67 src/components/design/data.ts:72"
"3.5 × 2 in","3,5 × 2 in","3.5 × 2 in","3.5 × 2 íǹṣì","3.5 × 2 in","3.5 × 2 in","src/components/design/data.ts:165 src/data/creator-app.ts:11"
"30 Aug","30 août","30 Aug","30 Aug","30 Agu","30 Aug","src/data/creator-app.ts:67"
"30 Nov","30 nov.","30 Nov","30 Nov","30 Nuw","30 Nov","src/data/creator-app.ts:90"
"300 DPI · CMYK","300 DPI · CMYK","300 DPI · CMYK","300 DPI · CMYK","300 DPI · CMYK","300 DPI · CMYK","src/components/design/overlays.tsx:87"
"300 level","Niveau 300","300 level","Ìpele 300","Matakin 300","Ọkwa 300","src/data/student.ts:26 src/data/creators.ts:129"
"33 × 79 in with stand","33 × 79 in avec support","33 × 79 in with stand","33 × 79 in pẹ̀lú ìdúró","33 × 79 in da tsayawa","33 × 79 in na ihe mgbado","src/components/design/data.ts:20"
"4 × 2.5 in","4 × 2,5 in","4 × 2.5 in","4 × 2.5 in","4 × 2.5 in","4 × 2.5 in","src/data/creator-app.ts:31"
"4 days ago","Il y a 4 jours","4 days don pass","Ọjọ́ 4 sẹ́yìn","Kwana 4 da suka wuce","Ụbọchị 4 gara aga","src/components/design/data.ts:64"
"4 Sep","4 sept.","4 Sep","4 Sep","4 Sat","4 Sep","src/data/creator-app.ts:66"
"400 level","Niveau 400","400 level","Ìpele 400","Matakin 400","Ọkwa 400","src/data/student.ts:26 src/data/creators.ts:129"
"5 × 7 in","5 × 7 in","5 × 7 in","5 × 7 in","5 × 7 in","5 × 7 in","src/data/creator-app.ts:17 src/data/creator-app.ts:30"
"500 level","Niveau 500","500 level","Ìpele 500","Matakin 500","Ọkwa 500","src/data/student.ts:26 src/data/creators.ts:129"
"530+ free templates","Plus de 530 modèles gratuits","530+ free templates","Àwọn àwòṣe ọ̀fẹ́ 530+","Samfura 530+ kyauta","Template 530+ n’efu","src/components/design/views.tsx:85"
"6 × 3 ft","6 × 3 ft","6 × 3 ft","6 × 3 ẹsẹ̀","6 × 3 ft","6 × 3 ft","src/components/design/data.ts:167 src/data/creator-app.ts:14"
"6 × 3 ft, hemmed edges","6 × 3 ft, bords ourlés","6 × 3 ft, hemmed edges","6 × 3 ft, etí tí a rán","6 × 3 ft, gefuna da aka dinka","6 × 3 ft, ọnụ ọnụ e ruru","src/components/design/data.ts:19"
"6-digit code","Code à 6 chiffres","6-digit code","Kóòdù oní-nọ́ńbà mẹ́fà","Lambar tantancewa mai lambobi 6","Koodu nke ọnụọgụ 6","src/components/auth/SignupForm.tsx:35"
"600 level","Niveau 600","600 level","Ìpele 600","Matakin 600","Ọkwa 600","src/data/student.ts:26 src/data/creators.ts:129"
"8 or more characters","8 caractères ou plus","8 or more characters","Ó kéré jù ní ọ̀rọ̀ mẹ́jọ tàbí jù bẹ́ẹ̀ lọ","Haruffa 8 ko fiye","Mkpụrụedemede 8 ma ọ bụ ka nke ahụ","src/components/auth/SignupForm.tsx:122"
"8 Sep","8 sept.","8 Sep","8 Sep","8 Sat","8 Sep","src/data/creator-app.ts:66 src/data/creator-app.ts:78"
"80gsm bond","80 g bond","80gsm bond","bọ́ńdì 80gsm","80gsm bond","80gsm bond","src/components/editor/data.ts:105"
"A copy was made in your dashboard.","Une copie a été créée dans votre tableau de bord.","Dem don make copy for your dashboard.","A ṣe ẹ̀dà kan sínú pátákó ìṣàkóso rẹ.","An yi kwafi a dashbod ɗinka.","E mepụtara otu nsụgharị n’dashboard gị.","src/components/docs/DocsEditor.tsx:236"
"A design","Un design","One design","Àwòrán kan","Zane","Design","src/components/design/overlays.tsx:286"
"A document","Un document","One document","Ìwé àkọsílẹ̀ kan","Takarda","Akwụkwọ","src/components/design/overlays.tsx:287"
"A font to submit","Une police à soumettre","Font wey I wan submit","Fọ́ńtì láti fi ránṣẹ́","Font da zan aika","Font ịnyefe","src/components/design/overlays.tsx:290"
"A letter","Une lettre","One letter","Lẹ́tà kan","Harafi","Mkpụrụedemede","src/components/auth/SignupForm.tsx:122"
"A number","Un chiffre","One number","Nọ́ńbà kan","Lamba","Ọnụọgụ","src/components/auth/SignupForm.tsx:122"
"A photo is {dpi} DPI at this size","Une photo fait {dpi} DPI à cette taille","Photo na {dpi} DPI for dis size","Fọ́tò jẹ́ {dpi} DPI ní ìwọ̀n yìí","Hoto yana da DPI {dpi} a wannan girman","Foto bụ {dpi} DPI n'ogo a","src/components/editor/useDesign.ts:50"
"A sample of the 530+ free templates. Pick one to start a design.","Un aperçu des plus de 530 modèles gratuits. Choisissez-en un pour commencer un design.","Small sample of the 530+ free templates. Pick one to start design.","Àpẹẹrẹ lára àwọn àwòṣe ọ̀fẹ́ 530+. Yan ọ̀kan láti bẹ̀rẹ̀ àwòrán.","Misalin samfura 530+ kyauta. Zaɓi ɗaya don fara zane.","Ihe nlereanya nke template 530+ n’efu. Họrọ otu ka ị malite design.","src/components/design/views.tsx:226"
"A short description","Une courte description","Short description","Àpèjúwe kúkúrú","Taƙaitaccen bayani","Nkọwa dị mkpụmkpụ","src/components/fonts/FontStudio.tsx:149"
"A single image with the words baked in, so nothing can be edited.","Une seule image avec le texte intégré, donc rien n'est modifiable.","One single image wey the words dey inside, so person no fit edit anything.","Àwòrán kan ṣoṣo tí a ti fi àwọn ọ̀rọ̀ sínú rẹ̀ pátápátá, tí kò sí ohun tí a lè ṣàtúnṣe.","Hoto ɗaya da aka sa kalmomi a cikinsa, don haka babu abin da za a iya gyarawa.","Otu onyonyo nke e tinyere okwu n'ime ya, ya mere ọ dịghị ihe a ga-edezi.","src/data/creators.ts:100"
"A template to submit","Un modèle à soumettre","Template wey I wan submit","Àwòṣe láti fi ránṣẹ́","Samfuri da zan aika","Template ịnyefe","src/components/design/overlays.tsx:289"
"A translated copy is being prepared in your dashboard.","Une copie traduite est en cours de préparation dans votre tableau de bord.","Dem dey prepare translated copy for your dashboard.","A ń ṣe ẹ̀dà tí a túmọ̀ sínú pátákó ìṣàkóso rẹ.","Ana shirya kwafin da aka fassara a dashbod ɗinka.","A na-akwado otu nsụgharị a sụgharịrị n’dashboard gị.","src/components/docs/DocsEditor.tsx:213"
"A3","A3","A3","A3","A3","A3","src/components/design/data.ts:168 src/data/creator-app.ts:13 src/data/creator-app.ts:36"
"A4","A4","A4","A4","A4","A4","src/components/docs/content.ts:73 src/components/design/data.ts:171 src/data/creator-app.ts:20"
"A4 company paper","Papier à en-tête A4","A4 company paper","Bébà ilé iṣẹ́ A4","Takardar kamfani A4","Akwụkwọ ụlọ ọrụ A4","src/components/design/data.ts:23"
"A4 cover page","Page de garde A4","A4 cover page","Ojú-ìwé iwájú A4","Shafin bango A4","Ibe mkpuchi A4","src/components/design/data.ts:27"
"A4 landscape","A4 paysage","A4 landscape","A4 ní ìdúró ẹ̀gbẹ́","A4 a kwance","A4 n'obosara","src/data/creator-app.ts:24 src/data/creator-app.ts:37"
"A4 letter","Lettre A4","A4 letter","Lẹ́tà A4","Wasiƙar A4","Akwụkwọ ozi A4","src/components/design/data.ts:33"
"A4 tri-fold","A4 trois volets","A4 tri-fold","A4 oní-ìṣẹ́po mẹ́ta","A4 mai ninki uku","A4 atọ-atọ","src/data/creator-app.ts:28"
"A4, chapters and contents","A4, chapitres et sommaire","A4, chapters and contents","A4, àwọn orí àti àkóónú","A4, babi-babi da abubuwan da ke ciki","A4, isi ọkwa na ndepụta ọdịnaya","src/components/design/data.ts:34"
"A4, columns and images","A4, colonnes et images","A4, columns and pictures","A4, àwọn ọ̀wọ́ ìlà àti àwòrán","A4, ginshiƙai da hotuna","A4, ogidi na foto","src/components/design/data.ts:39"
"A4, items and totals in naira","A4, articles et totaux en nairas","A4, items and total for naira","A4, àwọn ohun kan àti àpapọ̀ ní náírà","A4, kayayyaki da jimloli a naira","A4, ihe na ngụkọta n'ọnụ ahịa naira","src/components/design/data.ts:35"
"A4, notes and action points","A4, notes et points d'action","A4, notes and action points","A4, àkọsílẹ̀ àti àwọn ohun tí a ó ṣe","A4, bayanan kula da matakan da za a ɗauka","A4, ndetu na ihe a ga-eme","src/components/design/data.ts:37"
"A4, one or two pages","A4, une ou deux pages","A4, one or two pages","A4, ojú-ìwé kan tàbí méjì","A4, shafi ɗaya ko biyu","A4, otu ibe ma ọ bụ ibe abụọ","src/components/design/data.ts:26 src/components/design/data.ts:32"
"A4, pitch a client","A4, convaincre un client","A4, pitch give client","A4, fi iṣẹ́ rẹ lọ oníbàárà","A4, gabatarwa ga abokin ciniki","A4, gosi onye ahịa ọrụ gị","src/components/design/data.ts:36"
"A4, short internal note","A4, courte note interne","A4, short note for inside office","A4, àkọsílẹ̀ kúkúrú inú ilé","A4, taƙaitacciyar sanarwar cikin gida","A4, obere ndetu n'ime ụlọ ọrụ","src/components/design/data.ts:38"
"A4, start from scratch","A4, partir de zéro","A4, start from zero","A4, bẹ̀rẹ̀ láti òfo","A4, fara daga tushe","A4, malite site na mbụ","src/components/design/data.ts:31"
"A5","A5","A5","A5","A5","A5","src/components/docs/content.ts:74 src/components/design/data.ts:166 src/data/creator-app.ts:18"
"A5 or A4","A5 ou A4","A5 or A4","A5 tàbí A4","A5 ko A4","A5 ma ọ bụ A4","src/data/creator-app.ts:12"
"Aa","Aa","Aa","Aa","Aa","Aa","src/components/design/overlays.tsx:83 src/components/fonts/FontStudio.tsx:269 src/components/fonts/FontStudio.tsx:306"
"about 5 working days","environ 5 jours ouvrés","like 5 working days","nǹkan bí ọjọ́ iṣẹ́ 5","kusan kwanakin aiki 5","ihe dị ka ụbọchị ọrụ 5","src/data/creator-app.ts:89"
"About 5 working days. We review quality, not quantity, so send your best work.","Environ 5 jours ouvrés. Nous privilégions la qualité à la quantité : envoyez votre meilleur travail.","Like 5 working days. We dey look quality, no be quantity, so send your best work.","Nǹkan bí ọjọ́ iṣẹ́ 5. Ìdára là ń wò, kì í ṣe iye, nítorí náà fi iṣẹ́ rẹ tó dára jù ránṣẹ́.","Kusan kwanakin aiki 5. Muna duba inganci, ba yawa ba, don haka ka aiko mafi kyawun aikinka.","Ihe dị ka ụbọchị ọrụ 5. Anyị na-ele àgwà, ọ bụghị ọnụọgụ, ya mere zite ọrụ gị kacha mma.","src/data/creators.ts:120"
"Accept all","Tout accepter","Accept all","Gba gbogbo rẹ̀","Karɓi duka","Nabata ha niile","src/components/docs/Dialogs.tsx:243"
"Accessibility","Accessibilité","Accessibility","Ìrọrùn lílò","Sauƙin amfani","Ịnweta","src/components/docs/menus.ts:229"
"Account","Compte","Account","Àkáǹtì","Asusu","Akaụntụ","src/components/design/DesignApp.tsx:156 src/components/design/DesignApp.tsx:197 src/components/design/views.tsx:275"
"Account & security","Compte et sécurité","Account & security","Àkáǹtì àti ààbò","Asusu da tsaro","Akaụntụ na nchekwa","src/components/design/data.ts:176"
"Account connected","Compte connecté","Account don connect","A ti sopọ̀ àkáǹtì","An haɗa asusu","Akaụntụ ejikọrọ","src/components/student/StudentView.tsx:180"
"Account name:","Nom du compte :","Account name:","Orúkọ àkáǹtì:","Sunan asusu:","Aha akaụntụ:","src/components/creator/views.tsx:250"
"Account number","Numéro de compte","Account number","Nọ́ńbà àkáǹtì","Lambar asusu","Nọmba akaụntụ","src/components/creator/views.tsx:244"
"Action items","Actions à mener","Wetin dem go do","Àwọn iṣẹ́ tí a máa ṣe","Abubuwan da za a yi","Ihe a ga-eme","src/components/docs/content.ts:23"
"Actions","Actions","Actions","Àwọn iṣẹ́","Ayyuka","Omume","src/components/design/overlays.tsx:202 src/components/design/overlays.tsx:203 src/components/design/overlays.tsx:210"
"Actions for {name}","Actions pour {name}","Actions for {name}","Àwọn iṣẹ́ fún {name}","Ayyuka na {name}","Omume maka {name}","src/components/design/parts.tsx:69 src/components/creator/parts.tsx:43"
"Adaeze Okafor","Adaeze Okafor","Adaeze Okafor","Adaeze Okafor","Adaeze Okafor","Adaeze Okafor","src/components/design/data.ts:61 src/components/design/data.ts:71 src/data/creator-app.ts:59"
"Adaeze Okafor — resume","Adaeze Okafor — CV","Adaeze Okafor — resume","Adaeze Okafor — ìwé àfihàn iṣẹ́ àti ẹ̀kọ́","Adaeze Okafor — tarihin aiki","Adaeze Okafor — resume","src/components/design/data.ts:71"
"Add a comment","Ajouter un commentaire","Add comment","Fi ọ̀rọ̀ àlàyé kún un","Ƙara sharhi","Tinye nkọwa","src/components/docs/DocsEditor.tsx:617 src/components/docs/Toolbar.tsx:147"
"Add a heading","Ajouter un titre","Add heading","Fi àkọlé kún un","Ƙara kanun labari","Tinye isi okwu","src/components/editor/EditorShell.tsx:143"
"Add a little bit of body text","Ajouter un peu de texte courant","Add small body text","Fi ọ̀rọ̀ díẹ̀ kún ara ìwé","Ƙara ɗan rubutun jiki","Tinye obere ederede ahụ","src/components/editor/EditorShell.tsx:145"
"Add a short bio so people know your style.","Ajoutez une courte bio pour présenter votre style.","Add short bio make people sabi your style.","Fi àkótán ìgbésí ayé kékeré kún un kí àwọn ènìyàn lè mọ ọ̀nà tí o ń gbà ṣiṣẹ́.","Ƙara taƙaitaccen bayani game da kai don mutane su san salonka.","Tinye obere nkọwa gbasara gị ka ndị mmadụ mara ụdị gị.","src/components/creator/views.tsx:394"
"Add a subheading","Ajouter un sous-titre","Add subheading","Fi àkọlé kékeré kún un","Ƙara ƙaramin kanun labari","Tinye isi okwu nta","src/components/editor/EditorShell.tsx:144"
"Add a tab","Ajouter un onglet","Add tab","Fi táàbù kún un","Ƙara tab","Tinye taabụ","src/components/docs/DocsEditor.tsx:548"
"Add at least one font file.","Ajoutez au moins un fichier de police.","Add at least one font file.","Fi fáìlì fọ́ńtì kan kún un ó kéré jù.","Ƙara aƙalla fayil ɗin font ɗaya.","Tinye opekata mpe otu faịlụ font.","src/components/fonts/FontStudio.tsx:94"
"Add comment","Ajouter un commentaire","Add comment","Fi ọ̀rọ̀ àlàyé kún un","Ƙara sharhi","Tinye nkọwa","src/components/docs/menus.ts:294"
"Add fonts for use without data","Ajoutez des polices pour les utiliser sans données","Add fonts to use without data","Fi fọ́ńtì kún un láti lò láìsí dátà","Ƙara fonts don amfani ba tare da data ba","Tinye font iji na-enweghị data","src/components/design/views.tsx:93"
"Add headings and they appear here.","Ajoutez des titres et ils apparaîtront ici.","Add headings and dem go show here.","Fi àwọn àkọlé kún un, wọn yóò hàn níbí.","Ƙara kanun labarai za su bayyana a nan.","Tinye isi okwu, ha ga-apụta ebe a.","src/components/docs/DocsEditor.tsx:297"
"Add people by email","Ajouter des personnes par e-mail","Add people with email","Fi àwọn ènìyàn kún un nípasẹ̀ ímeèlì","Ƙara mutane ta imel","Tinye ndị mmadụ site na email","src/components/docs/Dialogs.tsx:174"
"Add space after paragraph","Ajouter un espace après le paragraphe","Add space after paragraph","Fi àlàfo kún lẹ́yìn ìpínrọ̀","Ƙara sarari bayan sakin layi","Tinye oghere mgbe paragraf gasịrị","src/components/docs/Toolbar.tsx:168 src/components/docs/menus.ts:185"
"Add space before paragraph","Ajouter un espace avant le paragraphe","Add space before paragraph","Fi àlàfo kún ṣáájú ìpínrọ̀","Ƙara sarari kafin sakin layi","Tinye oghere tupu paragraf","src/components/docs/Toolbar.tsx:167 src/components/docs/menus.ts:185"
"Add your payout details first.","Ajoutez d'abord vos informations de versement.","Add your payout details first.","Fi àlàyé ìsanwó rẹ kún un ná.","Ƙara bayanan biyan kuɗinka tukuna.","Buru ụzọ tinye nkọwa ịkwụ ụgwọ gị.","src/components/creator/views.tsx:285"
"Add your payout details to request a payout. It takes about two minutes.","Ajoutez vos informations de versement pour demander un versement. Cela prend environ deux minutes.","Add your payout details before you ask for payout. E go take like two minutes.","Fi àlàyé ìsanwó rẹ kún un kí o tó lè béèrè fún ìsanwó. Ó máa gba nǹkan bí ìṣẹ́jú méjì.","Ƙara bayanan biyan kuɗinka don neman biyan kuɗi. Yana ɗaukar kusan minti biyu.","Tinye nkọwa ịkwụ ụgwọ gị iji rịọ ịkwụ ụgwọ. Ọ na-ewe ihe dị ka nkeji abụọ.","src/components/creator/views.tsx:91"
"Add your school and ID once to unlock student perks.","Ajoutez votre école et votre carte une fois pour débloquer les avantages étudiants.","Add your school and ID one time to open student perks.","Fi ilé-ìwé àti ìdánimọ̀ rẹ kún un lẹ́ẹ̀kan láti ṣí àwọn àǹfààní akẹ́kọ̀ọ́.","Ƙara makarantarka da katinka sau ɗaya don buɗe fa’idodin ɗalibi.","Tinye ụlọ akwụkwọ na ID gị otu ugboro ka ị meghee uru nwa akwụkwọ.","src/components/student/StudentView.tsx:220"
"Added to your design","Ajouté à votre design","Don add am to your design","A ti fi kún àwòrán rẹ","An ƙara a zanenka","E tinyere ya na design gị","src/components/editor/EditorShell.tsx:153"
"Ade & Funmi","Ade & Funmi","Ade & Funmi","Ade & Funmi","Ade & Funmi","Ade & Funmi","src/components/editor/data.ts:45 src/components/design/data.ts:66 src/components/design/data.ts:98"
"Ade & Funmi — invitation","Ade & Funmi — invitation","Ade & Funmi — invitation","Ade & Funmi — káàdì ìpè","Ade & Funmi — gayyata","Ade & Funmi — òkù","src/components/design/data.ts:66"
"African-inspired","Inspirée de l'Afrique","African-inspired","Tí a mú láti ọ̀dọ̀ Áfíríkà","Na salon Afirka","Nke Africa sitere n'ime","src/data/fonts.ts:7"
"Agenda","Ordre du jour","Agenda","Ìgbékalẹ̀ ìpàdé","Ajanda","Atụmatụ ọgbakọ","src/components/docs/content.ts:23"
"AI assistant","Assistant IA","AI assistant","Olùrànlọ́wọ́ AI","Mataimakin AI","Onye enyemaka AI","src/components/design/data.ts:133"
"AI usage","Utilisation de l'IA","AI usage","Lílo AI","Amfani da AI","Ojiji AI","src/components/design/data.ts:180"
"Align and indent","Alignement et retrait","Align and indent","Ìtò àti ìfàsẹ́yìn","Daidaita da shigar da layi","Tọgbọ na mbanye","src/components/docs/menus.ts:174"
"Align centre","Centrer","Align centre","Fi sí àárín","Daidaita a tsakiya","Tọgbọ n'etiti","src/components/editor/EditorShell.tsx:309 src/components/editor/DesignCanvas.tsx:144"
"Align left","Aligner à gauche","Align left","Fi sí òsì","Daidaita hagu","Tọgbọ n'aka ekpe","src/components/editor/EditorShell.tsx:308 src/components/editor/DesignCanvas.tsx:144"
"Align right","Aligner à droite","Align right","Fi sí ọ̀tún","Daidaita dama","Tọgbọ n'aka nri","src/components/editor/EditorShell.tsx:310 src/components/editor/DesignCanvas.tsx:144"
"Alignment","Alignement","Alignment","Ìtò","Daidaitawa","Ntọgbọ","src/components/docs/Toolbar.tsx:154"
"All","Tout","All","Gbogbo","Duka","Niile","src/components/design/views.tsx:150 src/components/creator/views.tsx:131 src/components/fonts/FontStudio.tsx:251"
"All apps","Toutes les applis","All apps","Gbogbo app","Duk manhajoji","Ngwa niile","src/components/AppsMenu.tsx:64"
"All files","Tous les fichiers","All files","Gbogbo fáìlì","Duk fayiloli","Faịlụ niile","src/components/design/views.tsx:171"
"All images are high enough resolution","Toutes les images ont une résolution suffisante","All images resolution don high reach","Gbogbo àwòrán ní ìpéye tó tó","Duk hotuna suna da isasshen ƙarfin hoto","Foto niile nwere nkọwa zuru oke","src/components/design/overlays.tsx:139"
"All orders","Toutes les commandes","All orders","Gbogbo àṣẹ","Duk odar","Iwu niile","src/components/design/views.tsx:122"
"All tools","Tous les outils","All tools","Gbogbo irinṣẹ́","Duk kayan aiki","Ngwa niile","src/components/design/views.tsx:139 src/components/design/docsViews.tsx:114"
"All types","Tous les types","All types","Gbogbo irú","Duk nau’ikan","Ụdị niile","src/components/creator/views.tsx:142"
"All your Ifiok Docs and Ifiok Designs files are in your dashboard.","Tous vos fichiers Ifiok Docs et Ifiok Designs sont dans votre tableau de bord.","All your Ifiok Docs and Ifiok Designs files dey your dashboard.","Gbogbo fáìlì Ifiok Docs àti Ifiok Designs rẹ wà nínú pátákó ìṣàkóso rẹ.","Duk fayilolinka na Ifiok Docs da Ifiok Designs suna cikin dashbod ɗinka.","Faịlụ Ifiok Docs na Ifiok Designs gị niile nọ n’dashboard gị.","src/components/docs/Dialogs.tsx:213"
"Already have an account?","Vous avez déjà un compte ?","You don already get account?","Ṣé o ti ní àkáǹtì?","Kuna da asusu tuni?","Ị nwerelarị akaụntụ?","src/components/auth/SignupForm.tsx:131"
"Amount","Montant","Amount","Iye owó","Adadi","Ọnụọgụ ego","src/components/creator/dialogs.tsx:217 src/components/creator/views.tsx:327 src/components/creator/views.tsx:341"
"Amounts shown here are examples. Ifiok sets the real amounts.","Les montants affichés ici sont des exemples. Ifiok fixe les montants réels.","The amounts wey dey here na examples. Ifiok dey set the real amounts.","Àwọn iye owó tí a fihàn níbí jẹ́ àpẹẹrẹ. Ifiok ló máa pinnu iye gidi.","Adadin da aka nuna a nan misalai ne. Ifiok ce ke tsara ainihin adadin.","Ọnụọgụ ndị a gosipụtara bụ ọmụmaatụ. Ifiok na-ekpebi ọnụọgụ ahụ n'ezie.","src/components/creator/views.tsx:313"
"and","et la","and","àti","da","na","src/components/auth/SignupForm.tsx:126"
"Annotate","Annoter","Annotate","Ṣe àkíyèsí","Yi bayani","Dee ihe","src/components/editor/EditorShell.tsx:33"
"Any","Tous","Any","Èyíkéyìí","Kowane","Ọ bụla","src/components/design/data.ts:172"
"Any design type","Tout type de design","Any design type","Irú àwòrán kankan","Kowane nau’in zane","Ụdị design ọ bụla","src/components/creator/views.tsx:40"
"Any design type. If Ifiok approves it, you are paid.","Tout type de design. Si Ifiok l'approuve, vous êtes payé.","Any design type. If Ifiok approve am, dem go pay you.","Irú àwòrán èyíkéyìí. Tí Ifiok bá fọwọ́ sí i, a ó sanwó fún ọ.","Kowane irin zane. Idan Ifiok ta amince, za a biya ka.","Ụdị design ọ bụla. Ọ bụrụ na Ifiok kwenyere, a ga-akwụ gị ụgwọ.","src/components/design/overlays.tsx:289"
"Any other business","Divers","Any other business","Àwọn ọ̀rọ̀ mìíràn","Sauran batutuwa","Okwu ndị ọzọ","src/components/docs/content.ts:28"
"Anyone with the link","Toute personne disposant du lien","Anybody wey get the link","Ẹnikẹ́ni tó ní ìjápọ̀","Duk mai da mahaɗin","Onye ọ bụla nwere njikọ","src/components/docs/Dialogs.tsx:186"
"Anything we should know?","Quelque chose à nous signaler ?","Anything wey we suppose know?","Ǹjẹ́ ohun kan wà tí ó yẹ kí a mọ̀?","Akwai wani abu da ya kamata mu sani?","Ọ dị ihe anyị kwesịrị ịmara?","src/components/creator/dialogs.tsx:193"
"Apologies","Excusés","Apologies","Àwọn tí kò wá","Neman gafara","Ndị rịọrọ mgbaghara n’anọghị","src/components/docs/content.ts:28"
"Application under review","Demande en cours de vérification","We dey check your application","Ìbéèrè rẹ wà lábẹ́ àyẹ̀wò","Ana duba neman ka","Akwụkwọ gị na-enyocha","src/components/student/StudentView.tsx:179"
"Apply","Appliquer","Apply","Lò ó","Aiwatar","Tinye","src/components/docs/Dialogs.tsx:87 src/components/docs/Dialogs.tsx:117 src/components/docs/Dialogs.tsx:230"
"Apply again","Refaire la demande","Apply again","Tún béèrè","Sake nema","Tinye akwụkwọ ọzọ","src/components/student/StudentView.tsx:83 src/components/student/StudentView.tsx:222"
"Approve","Approuver","Approve","Fọwọ́ sí","Amince","Kwenye","src/components/student/StudentView.tsx:181 src/components/creator/dialogs.tsx:164 src/components/fonts/FontStudio.tsx:326"
"Approved","Approuvés","Approved","A fọwọ́ sí i","An amince","E kwenyere","src/components/creator/views.tsx:36 src/components/creator/views.tsx:68 src/components/creator/views.tsx:327"
"Approved {date}","Approuvé le {date}","Approved {date}","A fọwọ́ sí i {date}","An amince {date}","E kwenyere {date}","src/components/creator/views.tsx:318"
"Approved work and your payouts appear on your creator dashboard when you sign in.","Vos créations approuvées et vos versements apparaissent sur votre tableau de bord créateur à la connexion.","Approved work and your payouts go show for your creator dashboard when you sign in.","Iṣẹ́ tí a fọwọ́ sí àti àwọn ìsanwó rẹ máa hàn lórí pátákó olùṣẹ̀dá rẹ nígbà tí o bá wọlé.","Aikin da aka amince da kuma biyan kuɗinka na bayyana a dashbod ɗin mai ƙirƙira idan ka shiga.","Ọrụ e kwenyere na ịkwụ ụgwọ gị na-apụta na dashboard onye okike gị mgbe ị banyere.","src/data/creators.ts:34"
"Approved. {amount} added to your earnings, and designers can now use it.","Approuvé. {amount} ajoutés à vos gains, et les designers peuvent désormais l'utiliser.","Dem approve am. {amount} don enter your earnings, and designers fit use am now.","A fọwọ́ sí i. A fi {amount} kún owó tí o rí, àwọn oníṣẹ́ àwòrán sì lè lò ó báyìí.","An amince. An ƙara {amount} a kuɗin shigarka, kuma masu zane za su iya amfani da shi yanzu.","E kwenyere. E tinyere {amount} na ego ị rụpụtara, ndị na-ese design nwere ike iji ya ugbu a.","src/components/creator/store.tsx:152"
"Approved. {amount} added to your earnings.","Approuvé. {amount} ajoutés à vos gains.","Dem approve am. {amount} don enter your earnings.","A fọwọ́ sí i. A fi {amount} kún owó tí o rí.","An amince. An ƙara {amount} a kuɗin shigarka.","E kwenyere. E tinyere {amount} na ego ị rụpụtara.","src/components/creator/store.tsx:122"
"Approved. {bounty} (example) was added to your earnings.","Approuvé. {bounty} (exemple) ont été ajoutés à vos gains.","Dem approve am. {bounty} (example) don enter your earnings.","A fọwọ́ sí i. A fi {bounty} (àpẹẹrẹ) kún owó tí o rí.","An amince. An ƙara {bounty} (misali) a cikin kuɗin shigarka.","E kwenyere. E tinyere {bounty} (ọmụmaatụ) na ego ị rụpụtara.","src/components/creator/dialogs.tsx:152"
"Are you a student? Get verified, it is free","Vous êtes étudiant ? Faites-vous vérifier, c'est gratuit","You be student? Get verified, na free","Ṣé akẹ́kọ̀ọ́ ni ọ́? Fìdí ara rẹ múlẹ̀, ọ̀fẹ́ ni","Kai ɗalibi ne? Ka tabbatar, kyauta ne","Ị bụ nwa akwụkwọ? Kwenye, ọ bụ n’efu","src/components/student/StudentView.tsx:219"
"Arrives today","Arrive aujourd'hui","E go reach today","Ó dé lónìí","Zai isa yau","Ọ ga-erute taa","src/components/design/data.ts:118"
"Arrows","Flèches","Arrows","Àwọn ọfà","Kibiyoyi","Akụ","src/components/docs/menus.ts:286"
"Ask","Demander","Ask","Béèrè","Tambaya","Jụọ","src/components/docs/DocsEditor.tsx:646"
"Ask Ifiok","Demander à Ifiok","Ask Ifiok","Béèrè lọ́wọ́ Ifiok","Tambayi Ifiok","Jụọ Ifiok","src/components/editor/EditorShell.tsx:29 src/components/editor/EditorShell.tsx:179 src/components/editor/EditorShell.tsx:220"
"Ask Ifiok anything","Demandez n'importe quoi à Ifiok","Ask Ifiok anything","Béèrè ohunkóhun lọ́wọ́ Ifiok","Tambayi Ifiok komai","Jụọ Ifiok ihe ọ bụla","src/components/docs/DocsEditor.tsx:646"
"Ask Ifiok to write, shorten, fix or translate your text.","Demandez à Ifiok de rédiger, raccourcir, corriger ou traduire votre texte.","Ask Ifiok make e write, shorten, fix or translate your text.","Sọ fún Ifiok kí ó kọ, kí ó dín, kí ó tún ṣe tàbí kí ó túmọ̀ ọ̀rọ̀ rẹ.","Ka roƙi Ifiok ya rubuta, ya taƙaita, ya gyara ko ya fassara rubutunka.","Gwa Ifiok ka ọ dee, belata, rụzie ma ọ bụ sụgharịa ederede gị.","src/components/editor/EditorShell.tsx:208 src/components/docs/DocsEditor.tsx:642"
"Ask Ifiok: {q}","Demander à Ifiok : {q}","Ask Ifiok: {q}","Béèrè lọ́wọ́ Ifiok: {q}","Tambayi Ifiok: {q}","Jụọ Ifiok: {q}","src/components/editor/EditorShell.tsx:382"
"Aso Ebi","Aso Ebi","Aso Ebi","Aṣọ Ẹbí","Aso Ebi","Aso Ebi","src/data/creator-app.ts:63"
"Aso Ebi Weekend Lettering","Lettrage Week-end Aso Ebi","Aso Ebi Weekend Lettering","Lẹ́tà Aṣọ Ẹbí Òpin Ọ̀sẹ̀","Rubutun Ado na Ƙarshen Mako na Aso Ebi","Ide Aso Ebi Ngwụsị Izu","src/data/creator-app.ts:63"
"Assignment","Devoir","Assignment","Iṣẹ́ àṣetiléwá","Aikin gida","Ọrụ ụlọ akwụkwọ","src/components/design/data.ts:80"
"Assignment cover","Page de garde de devoir","Assignment cover","Ojú-ìwé iwájú iṣẹ́ àṣetiléwá","Bangon aikin gida","Mkpuchi ọrụ ụlọ akwụkwọ","src/components/design/data.ts:27"
"Assignment Cover Page","Page de garde de devoir","Assignment Cover Page","Ojú Ìwé Ìbòrí Iṣẹ́ Àyànfúnni","Shafin Farko na Aikin Gida","Peeji mkpuchi ọrụ ụlọ akwụkwọ","src/components/design/data.ts:80"
"Attendees","Participants","Wey come meeting","Àwọn tó wá","Waɗanda suka halarta","Ndị ọbịa","src/components/docs/content.ts:23"
"Attendees · Decisions · Actions","Participants · Décisions · Actions","Who dey there · Wetin dem decide · Wetin dem go do","Àwọn tó wá · Ìpinnu · Ìgbésẹ̀","Mahalarta · Shawarwari · Ayyuka","Ndị gara · Mkpebi · Ihe a ga-eme","src/components/design/data.ts:108"
"Authentic kitchen","Cuisine authentique","Correct kitchen food","Ibi ìdáná tòótọ́","Ainihin girki na gargajiya","Ụlọ nri ezigbo","src/components/design/data.ts:89"
"Available","Disponible","Available","Tó wà","Akwai","Dị","src/components/design/DesignApp.tsx:191 src/components/creator/views.tsx:35 src/components/creator/views.tsx:70"
"Available balance {available} naira. Open earnings","Solde disponible : {available} nairas. Ouvrir les gains","Balance wey dey available na {available} naira. Open earnings","Owó tó wà: {available} náírà. Ṣí owó tí o rí","Kuɗin da ke akwai naira {available}. Buɗe kuɗin shiga","Ego fọdụrụ {available} naira. Mepee ego ị rụpụtara","src/components/design/DesignApp.tsx:191"
"Available now","Disponible maintenant","Available now","Wà báyìí","Akwai yanzu","Dị ugbu a","src/components/creator/views.tsx:301"
"Back","Retour","Back","Padà","Komawa","Laghachi","src/components/editor/SendToPrinter.tsx:48 src/components/student/StudentView.tsx:137 src/components/fonts/FontStudio.tsx:231"
"Back to dashboard","Retour au tableau de bord","Go back to dashboard","Padà sí pátákó ìṣàkóso","Koma dashboard","Laghachi na dashboard","src/components/editor/EditorShell.tsx:222 src/components/editor/EditorShell.tsx:234 src/components/docs/DocsEditor.tsx:490"
"Back to editor","Retour à l'éditeur","Go back to editor","Padà sí olùṣàtúnṣe","Koma edita","Laghachi na editor","src/components/editor/SendToPrinter.tsx:121"
"Back to log in","Retour à la connexion","Go back to Log in","Padà sí wọlé","Koma shiga","Laghachi na nbanye","src/components/auth/LoginForm.tsx:64 src/components/auth/LoginForm.tsx:77"
"Badge","Badge","Badge","Àmì","Alama","Baaji","src/components/editor/data.ts:57"
"Baker · Entrepreneur · Lagos","Boulangère · Entrepreneuse · Lagos","Baker · Entrepreneur · Lagos","Alásè búrẹ́dì · Oníṣòwò · Eko","Mai gasa burodi · Ɗan kasuwa · Legas","Onye na-eme achịcha · Onye ọchụnta ego · Lagos","src/components/design/data.ts:71"
"Balogun Market · Lagos","Balogun Market · Lagos","Balogun Market · Lagos","Balogun Market · Lagos","Balogun Market · Lagos","Balogun Market · Lagos","src/components/editor/data.ts:39"
"Balogun print shop","Imprimerie de Balogun","Balogun print shop","Ṣọ́ọ̀bù ìtẹ̀wé Balogun","Shagon ɗab’i na Balogun","Ụlọ mbipụta Balogun","src/components/design/data.ts:118"
"Bank","Banque","Bank","Báńkì","Banki","Banki","src/components/creator/views.tsx:237"
"Banner","Bannière","Banner","Báńnà","Banner","Banner","src/components/design/data.ts:167"
"Bar","Barres","Bar","Ọ̀pá","Ginshiƙi","Bar","src/components/docs/menus.ts:127"
"Become a creator","Devenir créateur","Become creator","Di olùṣẹ̀dá","Zama mai ƙirƙira","Bụrụ onye okike","src/components/CreatorInvite.tsx:69"
"Become an Ifiok Campus Creator","Devenez Campus Creator Ifiok","Become Ifiok Campus Creator","Di Campus Creator Ifiok","Zama Campus Creator na Ifiok","Bụrụ Campus Creator Ifiok","src/components/CreatorInvite.tsx:64"
"behance.net/yourname","behance.net/votrenom","behance.net/yourname","behance.net/yourname","behance.net/sunanka","behance.net/ahagị","src/components/creator/views.tsx:405"
"Being processed","En cours de traitement","Dem dey process am","A ń ṣe é lọ́wọ́","Ana sarrafawa","Na-arụ ọrụ","src/components/creator/views.tsx:302"
"Best price","Meilleur prix","Best price","Owó tó dára jù","Mafi araha","Ọnụahịa kacha mma","src/components/editor/SendToPrinter.tsx:11 src/components/editor/data.ts:90"
"Bigger","Plus grand","Bigger","Tóbi si","Ya fi girma","Pụtakwuo","src/components/editor/DesignCanvas.tsx:141"
"Binding","Reliure","Binding","Ìdè ìwé","Ɗauri","Ijikọ akwụkwọ","src/components/editor/SendToPrinter.tsx:67"
"Bio","Bio","Bio","Nípa mi","Bayani game da kai","Nkọwa gbasara gị","src/components/creator/views.tsx:404"
"Black","Noir","Black","Wúwo Jùlọ","Black","Black","src/components/fonts/FontStudio.tsx:11"
"Blank document","Document vierge","Empty document","Ìwé àkọsílẹ̀ òfo","Takarda mara komai","Akwụkwọ efu","src/components/docs/content.ts:38 src/components/design/data.ts:31 src/components/design/data.ts:113"
"Bleed","Fond perdu","Bleed","Ìkúnjáde ẹ̀gbẹ́","Bleed","Bleed","src/components/design/overlays.tsx:86"
"Bleed {bleed}"" on all edges","Fond perdu de {bleed}"" sur tous les bords","Bleed {bleed}"" for all edges","Ìkúnjáde {bleed}"" ní gbogbo ẹ̀gbẹ́","Bleed {bleed}"" a duk gefuna","Bleed {bleed}"" n’akụkụ niile","src/components/design/overlays.tsx:138"
"Bleed of 3 mm is set","Fond perdu de 3 mm défini","3 mm bleed don set","A ti ṣètò àlàfo 3 mm fún gígé","An saita bleed na mm 3","E setịrị bleed nke 3 mm","src/components/editor/useDesign.ts:53"
"Blurry or stretched photos that will look poor once printed.","Photos floues ou étirées qui rendront mal une fois imprimées.","Photos wey blur or stretch and go look bad when dem print am.","Àwọn fọ́tò tí kò yékéyéké tàbí tí a nà tí yóò dà bí èyí tí kò dára nígbà tí a bá tẹ̀ ẹ́.","Hotuna masu duhu ko waɗanda aka miƙa da za su yi muni idan an ɗab’a.","Foto ndị na-adịghị ọkọ ma ọ bụ e dọgoro nke ga-adị njọ ozugbo e bipụtara.","src/data/creators.ts:101"
"Bold","Gras","Bold","Wúwo","Bold","Bold","src/components/editor/EditorShell.tsx:301 src/components/editor/DesignCanvas.tsx:142 src/components/editor/DocCanvas.tsx:67"
"Bold Italic","Gras italique","Bold Italic","Wúwo Tẹ̀","Bold Italic","Bold Italic","src/components/fonts/FontStudio.tsx:11"
"Bookmark","Signet","Bookmark","Àmì ojú-ìwé","Alamar shafi","Akara ibe","src/components/docs/menus.ts:143"
"Bookmark {n}","Signet {n}","Bookmark {n}","Àmì ojú-ìwé {n}","Alamar shafi {n}","Akara ibe {n}","src/components/docs/DocsEditor.tsx:294"
"Bottom","Bas","Bottom","Ìsàlẹ̀","Ƙasa","Ala","src/components/docs/Dialogs.tsx:102"
"Brand","Marque","Brand","Àmì-ìdánimọ̀","Alama","Brand","src/components/editor/EditorShell.tsx:25"
"Brand colours","Couleurs de marque","Brand colours","Àwọn àwọ̀ àmì-ìdánimọ̀","Launukan alama","Agba brand","src/components/editor/EditorShell.tsx:166"
"Brand fonts","Polices de marque","Brand fonts","Àwọn fọ́ńtì àmì-ìdánimọ̀","Font ɗin alama","Font brand","src/components/editor/EditorShell.tsx:171"
"Brand kit","Kit de marque","Brand kit","Àpò àmì ìṣòwò","Kit ɗin alama","Brand kit","src/components/docs/menus.ts:236 src/components/design/data.ts:130"
"Brand logo","Logo de la marque","Brand logo","Lógò ilé-iṣẹ́","Tambarin kamfani","Logo ika","src/components/docs/DocsEditor.tsx:266"
"Break","Saut","Break","Ìgé","Yankewa","Nkewa","src/components/docs/menus.ts:136"
"Bring a document in","Importer un document","Bring document enter","Mú ìwé àkọsílẹ̀ wọlé","Shigo da takarda","Weta akwụkwọ","src/components/design/docsViews.tsx:86"
"Bring something in","Importer un fichier","Bring something enter","Mú nǹkan wọlé","Shigo da wani abu","Wetatara ihe","src/components/design/views.tsx:78"
"Brochure","Brochure","Brochure","Ìwé àlàyé (Brochure)","Ƙasidar bayani","Brochure","src/data/creator-app.ts:28"
"Browse photos and graphics you can use in your designs.","Parcourez des photos et graphismes à utiliser dans vos designs.","Look photos and graphics wey you fit use for your designs.","Wo àwọn fọ́tò àti àwòrán tí o lè lò nínú àwọn àwòrán rẹ.","Bincika hotuna da zane-zanen da za ka yi amfani da su a zanukanka.","Chọgharịa foto na eserese i nwere ike iji n’ime design gị.","src/components/design/data.ts:132"
"Browse templates","Parcourir les modèles","Check templates","Wo àwọn àwòṣe","Duba samfuri","Chọgharịa template","src/data/student.ts:10"
"Build · Sell · Manage","Construire · Vendre · Gérer","Build · Sell · Manage","Kọ́ · Tà · Ṣàkóso","Gina · Sayar · Gudanar","Wuo · Ree · Jikwaa","src/components/design/data.ts:88"
"Building blocks","Éléments de base","Building blocks","Àwọn ìdí ìkọ́lé","Sassan gini","Mpempe owuwu","src/components/docs/menus.ts:110"
"Bulk cards","Cartes en série","Bulk cards","Káàdì púpọ̀","Katuna da yawa","Kaadị buru ibu","src/components/editor/EditorShell.tsx:180"
"Bulk cards opens here in the full editor.","Les cartes en série s'ouvrent ici dans l'éditeur complet.","Bulk cards go open here for di full editor.","Káàdì púpọ̀ yóò ṣí níbí nínú olùṣàtúnṣe kíkún.","Katuna da yawa yana buɗewa a nan cikin cikakken edita.","Kaadị buru ibu na-emeghe ebe a n'ime editor zuru ezu.","src/components/editor/EditorShell.tsx:180"
"Bulleted list","Liste à puces","Bulleted list","Àtòjọ onípò","Jerin alamomi","Ndepụta ntụpọ","src/components/editor/EditorShell.tsx:305 src/components/editor/DocCanvas.tsx:82 src/components/docs/DocsEditor.tsx:729"
"Bullets and numbering","Puces et numérotation","Bullets and numbering","Àmì àti nọ́ńbà","Digo da lambobi","Akara na ọnụọgụgụ","src/components/docs/menus.ts:192"
"Business","Entreprise","Business","Iṣẹ́ ajé","Kasuwanci","Azụmahịa","src/components/docs/content.ts:55 src/components/design/data.ts:76 src/components/design/data.ts:88"
"Business card","Carte de visite","Business card","Káàdì iṣẹ́","Katin kasuwanci","Kaadị azụmahịa","src/components/design/data.ts:15 src/components/design/data.ts:165 src/data/creator-app.ts:11"
"Business proposal","Proposition commerciale","Business proposal","Ìgbékalẹ̀ ìdéwò iṣẹ́","Shawarar kasuwanci","Atụmatụ azụmahịa","src/components/design/data.ts:36 src/data/creator-app.ts:23"
"Business Proposal","Proposition commerciale","Business Proposal","Àbá Iṣẹ́ Òwò","Shawarar Kasuwanci","Atụmatụ Azụmahịa","src/components/design/data.ts:107"
"Buy and order print","Acheter et commander des impressions","Buy and order print","Ra nǹkan kí o sì gba àṣẹ ìtẹ̀wé","Saya ka yi odar ɗab’i","Zụta ma nye iwu mbipụta","src/data/apps.ts:31"
"BVN","BVN","BVN","BVN","BVN","BVN","src/components/creator/views.tsx:258"
"By web address","Par adresse web","With web address","Nípasẹ̀ àdírẹ́sì wẹ́ẹ̀bù","Ta adireshin yanar gizo","Site n’adreesị weebụ","src/components/docs/menus.ts:103"
"Campus Creator Program","Programme Campus Creator","Campus Creator Program","Ètò Campus Creator","Shirin Campus Creator","Mmemme Campus Creator","src/components/CreatorInvite.tsx:63"
"Can we confirm the set-up cost with the printer first?","Peut-on d'abord confirmer les frais de mise en route avec l'imprimeur ?","Can we confirm the set-up cost with the printer first?","Ṣé a lè jẹ́rìí sí owó ìṣètò pẹ̀lú atẹ̀wé ná?","Za mu iya tabbatar da kuɗin shiri da mai bugawa tukuna?","Anyị ọ pụrụ ibu ụzọ kwado ọnụ ahịa nhazi ya na onye na-ebipụta?","src/components/docs/content.ts:67 src/components/editor/data.ts:81"
"Cancel","Annuler","Cancel","Fagilé","Soke","Kagbuo","src/components/design/overlays.tsx:114 src/components/design/docsViews.tsx:66 src/components/docs/DocsEditor.tsx:618"
"Capitalisation","Casse","Capitalisation","Ìlò lẹ́tà ńlá","Manyan haruffa","Mkpụrụedemede ukwu","src/components/docs/menus.ts:163"
"Cards, flyers, posters and more, to use or send to a printer.","Cartes, flyers, affiches et plus, à utiliser ou à envoyer à un imprimeur.","Cards, flyers, posters and more, to use or to send give printer.","Káàdì, ìwé ìkéde, ìfilọ́lẹ̀ àti bẹ́ẹ̀ bẹ́ẹ̀ lọ, láti lò tàbí láti fi ránṣẹ́ sí atẹ̀wé.","Katuna, takardun talla, fosta da ƙari, don amfani ko aika wa mai bugawa.","Kaadị, flaya, mpempe akwụkwọ mgbasa ozi na ndị ọzọ, iji ma ọ bụ iziga onye na-ebipụta.","src/components/design/overlays.tsx:286"
"Cards, flyers, posters, CVs, social posts, presentations and more. Any design type.","Cartes, flyers, affiches, CV, publications sociales, présentations et plus. Tout type de design.","Cards, flyers, posters, CVs, social posts, presentations and more. Any design type.","Káàdì, fláyà, pósítà, CV, ìfìwéránṣẹ́ orí ayélujára, ìgbékalẹ̀ àti ọ̀pọ̀ ohun mìíràn. Irú àwòrán kankan.","Kati, fleya, fosta, CV, rubutun soshiyal, gabatarwa da ƙari. Kowane nau’in zane.","Kaadị, flyer, posta, CV, post mgbasa ozi, ngosi slaid na ndị ọzọ. Ụdị design ọ bụla.","src/components/creator/views.tsx:64"
"Categories","Catégories","Categories","Àwọn ẹ̀ka","Rukunoni","Ụdị","src/components/docs/Dialogs.tsx:143"
"Category","Catégorie","Category","Ìsọ̀rí","Rukuni","Ụdị","src/components/design/views.tsx:228 src/components/fonts/FontStudio.tsx:137 src/components/fonts/FontStudio.tsx:221"
"Centre","Centré","Centre","Àárín","Tsakiya","N’etiti","src/components/docs/menus.ts:175"
"Certificate","Certificat","Certificate","Ìwé ẹ̀rí","Takardar shaida","Asambodo","src/data/creator-app.ts:24"
"Change","Modifier","Change","Yípadà","Canja","Gbanwee","src/components/editor/SendToPrinter.tsx:74"
"Change account","Changer de compte","Change account","Yí àkáǹtì padà","Canza asusu","Gbanwee akaụntụ","src/components/creator/views.tsx:203"
"Change number","Changer de numéro","Change number","Yí nọ́ńbà padà","Canja lamba","Gbanwee nọmba","src/components/auth/SignupForm.tsx:135"
"Changes requested","Modifications demandées","Dem want make you change am","A béèrè àtúnṣe","An nemi gyare-gyare","A rịọrọ mgbanwe","src/components/fonts/FontStudio.tsx:14 src/data/creator-app.ts:46"
"Changes requested.","Modifications demandées.","Dem ask for changes.","A béèrè fún àtúnṣe.","An nemi gyare-gyare.","E rịọrọ mgbanwe.","src/components/creator/store.tsx:125 src/components/creator/store.tsx:155"
"Characters","Caractères","Characters","Àwọn ohun kikọ","Haruffa","Mkpụrụedemede","src/components/docs/Dialogs.tsx:71"
"Characters excluding spaces","Caractères hors espaces","Characters without spaces","Àwọn ohun kikọ láìsí àlàfo","Haruffa ba sarari","Mkpụrụedemede na-enweghị oghere","src/components/docs/Dialogs.tsx:71"
"Chart","Graphique","Chart","Àwòrán àtẹ","Zane-zane na ƙididdiga","Chaatị","src/components/docs/menus.ts:126"
"Chart (sample data)","Graphique (données d'exemple)","Chart (sample data)","Àwòrán àtẹ (dátà àpẹẹrẹ)","Zane-zane na ƙididdiga (bayanin misali)","Chaatị (data ngosi)","src/components/docs/DocsEditor.tsx:786"
"Charts and tables from your data","Graphiques et tableaux à partir de vos données","Charts and tables from your data","Àwòrán ìfihàn àti tábìlì láti inú dátà rẹ","Ginshiƙai da teburori daga bayananka","Chart na tebụl site na data gị","src/components/editor/EditorShell.tsx:181"
"Chat with the Ifiok team, voice notes included.","Discutez avec l'équipe Ifiok, notes vocales comprises.","Chat with Ifiok team, voice notes dey too.","Bá ẹgbẹ́ Ifiok sọ̀rọ̀, títí kan ohùn àkọsílẹ̀.","Yi hira da ƙungiyar Ifiok, har da saƙon murya.","Soro otu Ifiok kwurịta okwu, tinyere ọdịyo.","src/components/design/data.ts:139"
"Check","Contrôle","Check","Yẹ̀wò","Duba","Lelee","src/components/design/parts.tsx:83"
"Check account","Vérifier le compte","Check account","Ṣàyẹ̀wò àkáǹtì","Duba asusu","Lelee akaụntụ","src/components/creator/views.tsx:249"
"Check the extra letters","Vérifiez les lettres supplémentaires","Check the extra letters","Ṣàyẹ̀wò àwọn lẹ́tà àfikún","Duba ƙarin haruffa","Lelee mkpụrụedemede ndị ọzọ","src/components/fonts/FontStudio.tsx:181"
"Check your account first.","Vérifiez d'abord votre compte.","Check your account first.","Ṣàyẹ̀wò àkáǹtì rẹ ná.","Duba asusunka tukuna.","Buru ụzọ lelee akaụntụ gị.","src/components/creator/views.tsx:254"
"Check your email","Vérifiez votre e-mail","Check your email","Wo ímeèlì rẹ","Duba imel ɗinku","Lelee ozi ịntanetị gị","src/components/auth/LoginForm.tsx:75"
"Checked against what verified printers need.","Vérifié selon les exigences des imprimeurs vérifiés.","We don check am against wetin verified printers need.","A ti yẹ̀ ẹ́ wò bá ohun tí àwọn atẹ̀wé tí a ti fìdí wọn múlẹ̀ nílò mu.","An duba bisa abin da ingantattun masu bugawa suke buƙata.","Elelere ya n'ihe ndị na-ebipụta e gosipụtara chọrọ.","src/components/editor/EditorShell.tsx:343 src/components/docs/DocsEditor.tsx:701"
"Checking…","Vérification…","Dey check…","Ń ṣàyẹ̀wò…","Ana dubawa…","Na-elele…","src/components/creator/views.tsx:249"
"Checklist","Liste de contrôle","Checklist","Àtòjọ àyẹ̀wò","Jerin dubawa","Ndepụta nlele","src/components/docs/DocsEditor.tsx:731 src/components/docs/Toolbar.tsx:171 src/components/docs/menus.ts:194"
"Chidi Eze","Chidi Eze","Chidi Eze","Chidi Eze","Chidi Eze","Chidi Eze","src/components/design/data.ts:64"
"Choose a category","Choisir une catégorie","Choose category","Yan ìsọ̀rí","Zaɓi rukuni","Họrọ ụdị","src/components/fonts/FontStudio.tsx:139"
"Choose a category.","Choisissez une catégorie.","Choose category.","Yan ìsọ̀rí kan.","Zaɓi rukuni.","Họrọ ụdị.","src/components/fonts/FontStudio.tsx:91"
"Choose a printer","Choisir un imprimeur","Choose printer","Yan atẹ̀wé kan","Zaɓi mai bugawa","Họrọ onye na-ebipụta","src/components/editor/SendToPrinter.tsx:130"
"Choose a size","Choisir un format","Choose size","Yan ìwọ̀n","Zaɓi girma","Họrọ nha","src/components/design/overlays.tsx:71 src/components/docs/MenuBar.tsx:61"
"Choose font files","Choisir des fichiers de police","Choose font files","Yan àwọn fáìlì fọ́ńtì","Zaɓi fayilolin font","Họrọ faịlụ font","src/components/fonts/FontStudio.tsx:159"
"Choose level","Choisir le niveau","Choose level","Yan ipele","Zaɓi mataki","Họrọ ọkwa","src/components/student/StudentView.tsx:101"
"Choose the option that fits.","Choisissez l'option qui convient.","Choose the one wey fit.","Yan àṣàyàn tó yẹ.","Zaɓi zaɓin da ya dace.","Họrọ nhọrọ kwesịrị ekwesị.","src/components/fonts/FontStudio.tsx:98"
"Choose your bank","Choisissez votre banque","Choose your bank","Yan báńkì rẹ","Zaɓi bankinka","Họrọ banki gị","src/components/creator/views.tsx:239"
"Choose your bank.","Choisissez votre banque.","Choose your bank.","Yan báńkì rẹ.","Zaɓi bankinka.","Họrọ banki gị.","src/components/creator/views.tsx:210"
"Choose your level.","Choisissez votre niveau.","Choose your level.","Yan ipele rẹ.","Zaɓi matakinka.","Họrọ ọkwa gị.","src/components/student/StudentView.tsx:55"
"Church & events","Église et événements","Church & events","Ṣọ́ọ̀ṣì àti ayẹyẹ","Coci da taruka","Chọọchị & emume","src/components/design/data.ts:76 src/components/design/data.ts:92 src/components/design/data.ts:93"
"Circle","Cercle","Circle","Àyípo","Da’ira","Okirikiri","src/components/editor/data.ts:55"
"CJC","CJC","CJC","CJC","CJC","CJC","src/data/apps.ts:133"
"CLASS OF 2026","PROMOTION 2026","CLASS OF 2026","ẸGBẸ́ 2026","AJIN 2026","CLASS OF 2026","src/components/design/data.ts:68 src/components/design/data.ts:97 src/data/creator-app.ts:60"
"Class of 2026 — T-shirt","Promotion 2026 — T-shirt","Class of 2026 — T-shirt","Ẹgbẹ́ 2026 — Ṣẹ́ẹ̀tì","Ajin 2026 — riga","Class of 2026 — T-shirt","src/components/design/data.ts:68"
"Class of 2026 Poster","Affiche Promotion 2026","Class of 2026 Poster","Pósítà Ẹgbẹ́ 2026","Fosta na Ajin 2026","Posta Class of 2026","src/data/creator-app.ts:60"
"Clean One-Page CV","CV épuré d'une page","Clean One-Page CV","CV Ojú-ìwé Kan tó Mọ́","CV Mai Tsabta na Shafi Ɗaya","CV Ibe Otu Doro Anya","src/components/design/data.ts:78 src/data/creator-app.ts:61"
"Clean Resume","CV épuré","Clean Resume","Ìwé Àfihàn Iṣẹ́ àti Ẹ̀kọ́ Tó Mọ́","Tsaftataccen Tarihin Aiki","Resume Dị Ọcha","src/components/design/data.ts:103"
"Clean spacing and a complete character set. Approved.","Espacement soigné et jeu de caractères complet. Approuvé.","Spacing clean and all the characters dey complete. Dem approve am.","Àlàfo rẹ̀ dára, àwọn lẹ́tà rẹ̀ sì pé. A fọwọ́ sí i.","Tazara mai kyau da cikakken saitin haruffa. An amince.","Ohere dị n'etiti mkpụrụedemede doro anya ma mkpụrụedemede niile zuru ezu. E kwenyere.","src/components/creator/store.tsx:150"
"Clean spacing and complete character set. Approved.","Espacement soigné et jeu de caractères complet. Approuvé.","Spacing clean and all the characters dey complete. Dem approve am.","Àlàfo rẹ̀ dára, àwọn lẹ́tà rẹ̀ sì pé. A fọwọ́ sí i.","Tazara mai kyau da cikakken saitin haruffa. An amince.","Ohere dị n'etiti mkpụrụedemede doro anya ma mkpụrụedemede niile zuru ezu. E kwenyere.","src/data/fonts.ts:58"
"Clean, one page","Épuré, une page","Clean, one page","Tó mọ́, ojú-ìwé kan","Tsabtatacce, shafi ɗaya","Doo anya, otu ibe","src/components/design/data.ts:78 src/data/creator-app.ts:61"
"Clear and easy to edit. Approved.","Clair et facile à modifier. Approuvé.","E clear and e easy to edit. Dem approve am.","Ó hàn kedere, ó sì rọrùn láti ṣàtúnṣe. A fọwọ́ sí i.","A bayyane kuma mai sauƙin gyarawa. An amince.","Doo anya ma dị mfe idezigharị. E kwenyere.","src/components/creator/store.tsx:120 src/data/creator-app.ts:58"
"Clear filters","Effacer les filtres","Clear filters","Pa àwọn àṣàyàn rẹ́","Share matattara","Hichapụ nchọpụta","src/components/design/views.tsx:199 src/components/creator/views.tsx:159 src/components/fonts/FontStudio.tsx:263"
"Clear formatting","Effacer la mise en forme","Clear formatting","Pa ìṣètò rẹ́","Share tsari","Hichapụ nhazi","src/components/docs/Toolbar.tsx:207 src/components/docs/menus.ts:209 src/components/docs/menus.ts:291"
"Click a character to put it in your document. The dialog stays open so you can add more.","Cliquez sur un caractère pour l'insérer dans votre document. La boîte de dialogue reste ouverte pour en ajouter d'autres.","Click character to put am inside your document. The dialog go stay open so you fit add more.","Tẹ ohun kikọ kan láti fi sínú ìwé rẹ. Fèrèsé yìí yóò wà ní ṣíṣí kí o lè fi òmíràn kún un.","Danna harafi don saka shi a takardarka. Akwatin zai ci gaba da buɗe don ka ƙara wasu.","Pịa mkpụrụedemede iji tinye ya n’akwụkwọ gị. Windo ahụ ga-anọgide n’ịmepe ka ị tinye ndị ọzọ.","src/components/docs/Dialogs.tsx:147"
"Click inside a table first.","Cliquez d'abord dans un tableau.","Click inside table first.","Tẹ inú tábìlì kan ná.","Da farko danna cikin tebur.","Buru ụzọ pịa n’ime tebụl.","src/components/docs/DocsEditor.tsx:217"
"Click to select. Drag to move. Double-click text to edit. Ctrl+A selects all.","Cliquez pour sélectionner. Glissez pour déplacer. Double-cliquez sur un texte pour le modifier. Ctrl+A sélectionne tout.","Click to select. Drag to move. Double-click text to edit. Ctrl+A go select all.","Tẹ̀ láti yàn. Fà láti gbé. Tẹ̀ ọ̀rọ̀ lẹ́ẹ̀mejì láti ṣàtúnṣe. Ctrl+A yóò yan gbogbo rẹ̀.","Danna don zaɓa. Ja don motsawa. Danna rubutu sau biyu don gyara. Ctrl+A yana zaɓar duka.","Pịa ka ị họrọ. Dọta ka ị kpụpụ. Pịa ederede ugboro abụọ ka ị dezie. Ctrl+A na-ahọrọ ihe niile.","src/components/editor/EditorShell.tsx:227"
"Click to type. Ctrl+A selects all. Type / on an empty line.","Cliquez pour écrire. Ctrl+A sélectionne tout. Tapez / sur une ligne vide.","Click to type. Ctrl+A go select all. Type / for empty line.","Tẹ̀ láti kọ ọ̀rọ̀. Ctrl+A yóò yan gbogbo rẹ̀. Tẹ / lórí ìlà òfìfo.","Danna don rubutu. Ctrl+A yana zaɓar duka. Rubuta / a layi mara komai.","Pịa ka ị dee. Ctrl+A na-ahọrọ ihe niile. Dee / n'ahịrị tọgbọ chakoo.","src/components/editor/EditorShell.tsx:227"
"Close","Fermer","Close","Ti","Rufe","Mechie","src/components/design/overlays.tsx:66 src/components/design/overlays.tsx:146 src/components/design/overlays.tsx:296"
"Close menu","Fermer le menu","Close menu","Ti mẹ́nù","Rufe menu","Mechie menu","src/components/design/DesignApp.tsx:202"
"Close sidebar","Fermer le panneau latéral","Close sidebar","Ti pátákó ẹ̀gbẹ́","Rufe gefen shafi","Mechie ndabere n’akụkụ","src/components/docs/DocsEditor.tsx:547"
"Collapse sidebar","Réduire la barre latérale","Close sidebar","Dín pẹpẹ ẹ̀gbẹ́ kù","Rufe sidebar","Mechie sidebar","src/components/design/DesignApp.tsx:181"
"Colour","Couleur","Colour","Àwọ̀","Launi","Agba","src/components/design/overlays.tsx:95 src/components/design/docsViews.tsx:54 src/components/editor/DesignCanvas.tsx:151"
"Colour {c}","Couleur {c}","Colour {c}","Àwọ̀ {c}","Launi {c}","Agba {c}","src/components/design/overlays.tsx:98 src/components/design/docsViews.tsx:57 src/components/editor/EditorShell.tsx:168"
"Colour mode CMYK","Mode colorimétrique CMYK","Colour mode CMYK","Ọ̀nà àwọ̀ CMYK","Yanayin launi CMYK","Ụdị agba CMYK","src/components/design/overlays.tsx:137"
"Colours convert to CMYK","Les couleurs sont converties en CMYK","Colours go change to CMYK","Àwọn àwọ̀ yóò yí padà sí CMYK","Launuka suna komawa CMYK","Agba na-agbanwe gaa CMYK","src/components/editor/useDesign.ts:52"
"Column break","Saut de colonne","Column break","Ìgé òpó","Yankewar ginshiƙi","Nkewa kọlọm","src/components/docs/menus.ts:137"
"Columns","Colonnes","Columns","Àwọn òpó","Ginshiƙai","Kọlọm","src/components/docs/Dialogs.tsx:95 src/components/docs/menus.ts:189"
"Coming soon","Bientôt disponible","Coming soon","Ń bọ̀ láìpẹ́","Nan ba da jimawa ba","Na-bịa n’oge na-adịghị anya","src/components/student/StudentView.tsx:154 src/components/LangMenu.tsx:54"
"Comment","Commenter","Comment","Ọ̀rọ̀ àlàyé","Bayani","Nkọwa","src/components/editor/DocCanvas.tsx:73 src/components/docs/DocsEditor.tsx:618 src/components/docs/DocsEditor.tsx:720"
"Commenter","Commentateur","Commenter","Olùsọ̀rọ̀ àlàyé","Mai yin sharhi","Onye na-ede nkọwa","src/components/docs/Dialogs.tsx:175 src/components/docs/Dialogs.tsx:182"
"Comments","Commentaires","Comments","Àwọn ọ̀rọ̀ àlàyé","Bayanai","Nkọwa","src/components/editor/EditorShell.tsx:28 src/components/docs/DocsEditor.tsx:512 src/components/docs/DocsEditor.tsx:605"
"Common questions","Questions fréquentes","Questions wey people dey ask","Àwọn ìbéèrè tí a máa ń rí","Tambayoyin da ake yawan yi","Ajụjụ a na-ajụkarị","src/components/creator/views.tsx:373"
"Community Newsletter","Lettre d'information de la communauté","Community Newsletter","Ìwé Ìròyìn Àdúgbò","Wasiƙar Labarai ta Al’umma","Akwụkwọ Ozi Obodo","src/components/design/data.ts:110"
"Compact controls","Commandes compactes","Compact controls","Àwọn ìṣàkóso kékeré","Ƙananan maɓallai","Njikwa dị obere","src/components/docs/menus.ts:95"
"Company Letterhead","Papier à en-tête d'entreprise","Company Letterhead","Ìwé Lẹ́tà Ilé-iṣẹ́","Takardar Kai ta Kamfani","Leta Ụlọ Ọrụ","src/components/design/data.ts:90"
"Compare documents","Comparer des documents","Compare documents","Fi àwọn ìwé wé ara wọn","Kwatanta takardu","Tụnyere akwụkwọ","src/components/docs/menus.ts:218"
"Compare printers and order","Comparer les imprimeurs et commander","Compare printers and order","Fi àwọn atẹ̀wé wé ara wọn kí o sì paṣẹ́","Kwatanta masu ɗab’i ka yi oda","Tụnyere ndị na-ebipụta ma nye iwu","src/components/docs/DocsEditor.tsx:665"
"Compare verified printers and their prices in naira","Comparez les imprimeurs vérifiés et leurs prix en nairas","Compare verified printers and wetin dem dey charge for naira","Fi àwọn atẹ̀wé tí a ti ṣàyẹ̀wò àti owó wọn ní náírà wéra","Kwatanta ingantattun masu bugawa da farashinsu cikin naira","Tụnyere ndị na-ebipụta e gosipụtara na ọnụahịa ha n'naira","src/components/auth/AuthShell.tsx:24"
"Compress a PDF","Compresser un PDF","Compress PDF","Dín PDF kù","Matse PDF","Kpọchie PDF","src/components/editor/EditorShell.tsx:33"
"Compress PDF","Compresser un PDF","Compress PDF","Dín PDF kù","Matse PDF","Mebie PDF obere","src/components/design/data.ts:155"
"Concert Poster","Affiche de concert","Concert Poster","Pósítà Kọ́ǹsáàtì","Fostar Kide-kide","Postà Egwu","src/components/design/data.ts:94"
"Condensed","Condensée","Condensed","Tó há","Ƙunƙuntacce","Condensed","src/data/fonts.ts:7"
"Confirm request","Confirmer la demande","Confirm request","Jẹ́rìí ìbéèrè","Tabbatar da buƙata","Kwado arịrịọ","src/components/creator/dialogs.tsx:224"
"Connected accounts","Comptes connectés","Accounts wey connect","Àwọn àkáǹtì tí a sopọ̀","Asusun da aka haɗa","Akaụntụ ejikọtara","src/components/design/data.ts:178"
"Connected to your Ifiok account. We already have your name and email.","Connecté à votre compte Ifiok. Nous avons déjà votre nom et votre e-mail.","E don connect to your Ifiok account. We don already get your name and email.","A ti sopọ̀ mọ́ àkáǹtì Ifiok rẹ. A ti ní orúkọ àti ímeèlì rẹ.","An haɗa da asusunka na Ifiok. Mun riga mun da sunanka da imel ɗinka.","Ejikọrọ n’akaụntụ Ifiok gị. Anyị nwerelarị aha na email gị.","src/components/student/StudentView.tsx:93"
"Continue","Continuer","Continue","Tẹ̀síwájú","Ci gaba","Gaa n’ihu","src/components/student/StudentView.tsx:138 src/components/fonts/FontStudio.tsx:233"
"Continue designing","Continuer à créer","Continue to design","Tẹ̀síwájú nínú ṣíṣe àwòrán","Ci gaba da zane","Gaa n’ihu na-emepụta","src/components/design/views.tsx:100"
"Continue to order","Continuer la commande","Continue to order","Tẹ̀síwájú sí àṣẹ","Ci gaba zuwa odar","Gaa n’ihu na iwu","src/components/design/overlays.tsx:182"
"Continue with {name}","Continuer avec {name}","Continue with {name}","Tẹ̀síwájú pẹ̀lú {name}","Ci gaba da {name}","Gaa n'ihu na {name}","src/components/editor/SendToPrinter.tsx:130"
"Continue with Google","Continuer avec Google","Continue with Google","Tẹ̀síwájú pẹ̀lú Google","Ci gaba da Google","Gaa n'ihu site na Google","src/components/auth/LoginForm.tsx:51"
"Convert to Word","Convertir en Word","Convert to Word","Yí padà sí Word","Canza zuwa Word","Gbanwee gaa Word","src/components/editor/EditorShell.tsx:33"
"Convocation Shirt","T-shirt de remise des diplômes","Convocation Shirt","Ṣẹ́ẹ̀tì Ìkẹ́kọ̀ọ́yege","Riga ta Bikin Yaye Ɗalibai","Uwe Convocation","src/data/creator-app.ts:68 src/data/creator-app.ts:81"
"Convocation T-shirt","T-shirt de remise des diplômes","Convocation T-shirt","Ṣẹ́ẹ̀tì Ayẹyẹ Ìkẹ́kọ̀ọ́yege","Riga ta Kammala Karatu","T-shirt Mmechi Akwụkwọ","src/components/design/data.ts:97"
"Copied","Copié","Don copy","A ti dà á kọ","An kwafa","E detuola","src/components/docs/DocsEditor.tsx:251"
"Copied or traced designs","Designs copiés ou décalqués","Designs wey dem copy or trace","Àwọn àwòrán tí a dà kọ tàbí tí a tọ̀ lé","Zane da aka kwafa ko aka bi layinsa","Design e depụtara ma ọ bụ e sere n'elu","src/data/creators.ts:99"
"Copy","Copier","Copy","Dà kọ","Kwafa","Detuo","src/components/editor/EditorShell.tsx:253 src/components/docs/menus.ts:61"
"Copy link","Copier le lien","Copy link","Dà ìjápọ̀ kọ","Kwafi mahaɗi","Detuo njikọ","src/components/docs/Dialogs.tsx:172 src/components/creator/views.tsx:408"
"Copy of {name}","Copie de {name}","Copy of {name}","Ẹ̀dà {name}","Kwafin {name}","Nsụgharị {name}","src/components/docs/DocsEditor.tsx:236"
"Course code · Matric no.","Code du cours · N° matricule","Course code · Matric no.","Kóòdù ẹ̀kọ́ · Nọ́ńbà ìforúkọsílẹ̀","Lambar kwas · Lambar ɗalibi","Koodu usoro ọmụmụ · Nọmba matric","src/components/design/data.ts:80"
"Cover letter","Lettre de motivation","Cover letter","Lẹ́tà ìbẹ̀wẹ̀","Wasiƙar neman aiki","Akwụkwọ ozi ịrịọ ọrụ","src/components/docs/content.ts:36 src/components/docs/content.ts:44 src/components/docs/content.ts:51"
"Cover letter — Access Bank","Lettre de motivation — Access Bank","Cover letter — Access Bank","Lẹ́tà ìwé iṣẹ́ — Access Bank","Wasiƙar neman aiki — Access Bank","Akwụkwọ ozi ntinye — Access Bank","src/components/design/data.ts:72"
"CR80","CR80","CR80","CR80","CR80","CR80","src/components/design/data.ts:170 src/data/creator-app.ts:15"
"CR80, portrait or landscape","CR80, portrait ou paysage","CR80, portrait or landscape","CR80, ní ìdúró tàbí ní ìdùbúlẹ̀","CR80, a tsaye ko a kwance","CR80, ogologo ma ọ bụ obosara","src/components/design/data.ts:22"
"Create","Créer","Create","Ṣẹ̀dá","Ƙirƙira","Mepụta","src/components/design/DesignApp.tsx:203 src/data/apps.ts:32"
"Create a font","Créer une police","Create font","Ṣẹ̀dá fọ́ńtì","Ƙirƙiri font","Mepụta font","src/components/creator/views.tsx:41 src/components/creator/views.tsx:65"
"Create a template","Créer un modèle","Create template","Ṣẹ̀dá àwòṣe","Ƙirƙiri samfuri","Mepụta template","src/components/creator/views.tsx:40 src/components/creator/views.tsx:64"
"Create account","Créer un compte","Create account","Ṣí àkáǹtì","Ƙirƙiri asusu","Mepụta akaụntụ","src/components/auth/SignupForm.tsx:128"
"Create an account","Créer un compte","Create an account","Ṣí àkáǹtì kan","Ƙirƙiri asusu","Mepụta akaụntụ","src/components/auth/LoginForm.tsx:58"
"Create design","Créer le design","Create design","Ṣẹ̀dá àwòrán","Ƙirƙiri zane","Mepụta design","src/components/design/overlays.tsx:116"
"Create document","Créer le document","Create document","Ṣẹ̀dá ìwé àkọsílẹ̀","Ƙirƙiri takarda","Mepụta akwụkwọ","src/components/design/docsViews.tsx:68"
"Create template","Créer le modèle","Create template","Ṣẹ̀dá àwòṣe","Ƙirƙiri samfuri","Mepụta template","src/components/creator/dialogs.tsx:79"
"Create templates","Créez des modèles","Create templates","Ṣẹ̀dá àwọn àwòṣe","Ƙirƙiri samfuri","Mepụta template","src/data/creators.ts:32"
"Create your Ifiok account","Créez votre compte Ifiok","Open your Ifiok account","Ṣí àkáǹtì Ifiok rẹ","Ƙirƙiri asusunku na Ifiok","Mepụta akaụntụ Ifiok gị","src/components/auth/SignupForm.tsx:95"
"Create, edit, sign and convert documents and PDFs.","Créez, modifiez, signez et convertissez des documents et des PDF.","Create, edit, sign and convert documents and PDFs.","Ṣẹ̀dá, ṣàtúnṣe, buwọ́lù àti yí àwọn ìwé àti PDF padà.","Ƙirƙira, gyara, sa hannu da canza takardu da PDF.","Mepụta, dezie, binye aka ma gbanwee akwụkwọ na PDF.","src/data/apps.ts:74"
"Created","Créé","Don create","A ṣẹ̀dá rẹ̀","An ƙirƙira","E mepụtara","src/components/docs/Dialogs.tsx:219 src/components/creator/dialogs.tsx:112 src/components/fonts/FontStudio.tsx:293"
"Created “{name}”","« {name} » créé","Don create “{name}”","A ṣẹ̀dá “{name}”","An ƙirƙiri “{name}”","Emepụtara “{name}”","src/components/design/DesignApp.tsx:113 src/components/design/DesignApp.tsx:267"
"Creating your account…","Création de votre compte…","We dey create your account…","À ń ṣí àkáǹtì rẹ…","Ana ƙirƙirar asusunku…","Na-emepụta akaụntụ gị…","src/components/auth/SignupForm.tsx:128"
"Creator","Créateur","Creator","Olùṣẹ̀dá","Mai ƙirƙira","Onye okike","src/components/design/DesignApp.tsx:155 src/components/design/DesignApp.tsx:185"
"Creator menu","Menu créateur","Creator menu","Mẹ́nù olùṣẹ̀dá","Menu na mai ƙirƙira","Menu onye okike","src/components/design/DesignApp.tsx:202"
"Creator studio","Studio créateur","Creator studio","Ilé iṣẹ́ olùṣẹ̀dá","Dakin mai ƙirƙira","Studio onye okike","src/components/creator/views.tsx:32 src/components/creator/views.tsx:33 src/components/creator/views.tsx:62"
"Currency","Devise","Currency","Owó","Kuɗi","Ego","src/components/docs/menus.ts:283"
"Current version","Version actuelle","Current version","Ẹ̀yà lọ́wọ́lọ́wọ́","Sigar yanzu","Ụdị dị ugbu a","src/components/docs/content.ts:58"
"Curriculum Vitae","Curriculum Vitae","Curriculum Vitae","Curriculum Vitae","Tarihin Rayuwa (CV)","Curriculum Vitae","src/components/design/data.ts:78 src/data/creator-app.ts:61"
"Custom size","Format personnalisé","Your own size","Ìwọ̀n tí o fẹ́","Girman da ka zaɓa","Nha ahọpụtara","src/components/design/views.tsx:73 src/components/design/data.ts:172"
"Custom size (inches)","Format personnalisé (pouces)","Your own size (inches)","Ìwọ̀n tí o fẹ́ (íǹṣì)","Girman da ka zaɓa (inci)","Nha ahọpụtara (inchi)","src/components/design/overlays.tsx:103"
"Customer Journey & Conversion","Parcours client et conversion","Customer Journey & Conversion","Ìrìn Oníbàárà àti Ìyípadà sí Ríra","Tafiyar Abokin Ciniki da Sauyawa zuwa Saye","Njem Ndị ahịa na Mgbanwe","src/data/apps.ts:132"
"Cut","Couper","Cut","Gé","Yanka","Bipụ","src/components/docs/menus.ts:60"
"CV / Resume","CV","CV / Resume","CV / Resume","CV / Tarihin rayuwa","CV / Resume","src/components/design/data.ts:26 src/data/creator-app.ts:20"
"CVs, assignment covers, project posters and defence slides. Start one in seconds.","CV, pages de garde, affiches de projet et diapositives de soutenance. Lancez-en un en quelques secondes.","CVs, assignment covers, project posters and defence slides. Start one for seconds.","CV, ìbòrí iṣẹ́ àyànfúnni, pósítà iṣẹ́ àkànṣe àti síláìdì ìgbèjà. Bẹ̀rẹ̀ ọ̀kan láàrín ìṣẹ́jú-àáyá.","CV, murfin aikin gida, fostar bincike da silaid na kare aiki. Fara ɗaya cikin daƙiƙu.","CV, mkpuchi ọrụ, postà projekt na slaịdị nchebe. Malite otu n’ime sekọnd.","src/components/design/DesignApp.tsx:219"
"CVs, cover letters, assignment covers, project posters and defence slides, ready to edit.","CV, lettres de motivation, pages de garde, affiches de projet et diapositives de soutenance, prêts à modifier.","CVs, cover letters, assignment covers, project posters and defence slides, ready make you edit.","CV, lẹ́tà ìbẹ̀wẹ̀, ojú-ìwé iwájú iṣẹ́ àṣetiléwá, pósítà iṣẹ́ àkànṣe àti ìgbékalẹ̀ ìgbèjà, ó ṣetán láti ṣàtúnṣe.","CV, wasiƙun neman aiki, bangon aikin gida, fostocin aikin bincike da silaid na kare bincike, a shirye don gyarawa.","CV, akwụkwọ ozi ịrịọ ọrụ, mkpuchi ọrụ ụlọ akwụkwọ, posta projekt na slaid nchebe, dị njikere idezi.","src/data/student.ts:10"
"Data & storage","Données et stockage","Data & storage","Dátà àti ibi ìpamọ́","Bayanai da ajiya","Data na nchekwa","src/components/design/data.ts:177"
"Data Studio","Data Studio","Data Studio","Data Studio","Data Studio","Data Studio","src/components/editor/EditorShell.tsx:181 src/components/docs/menus.ts:237"
"Data Studio opens here in the full editor.","Data Studio s'ouvre ici dans l'éditeur complet.","Data Studio go open here for di full editor.","Data Studio yóò ṣí níbí nínú olùṣàtúnṣe kíkún.","Data Studio yana buɗewa a nan cikin cikakken edita.","Data Studio na-emeghe ebe a n'ime editor zuru ezu.","src/components/editor/EditorShell.tsx:181"
"Date","Date","Date","Déètì","Kwanan wata","Ụbọchị","src/components/docs/content.ts:23 src/components/creator/views.tsx:341 src/components/creator/views.tsx:345"
"Dear","Cher/Chère","Dear","Alàgbà ọ̀wọ́n","Maraba","Onye m hụrụ n’anya","src/components/docs/content.ts:24"
"Dear Hiring Manager","Madame, Monsieur,","Dear Hiring Manager","Alákòóso Ìgbanisíṣẹ́ Ọ̀wọ́n","Mai Girma Manajan Ɗaukar Ma’aikata","Onye Isi Ọrụ Anyị Hụrụ n'Anya","src/components/design/data.ts:104"
"Dear Hiring Manager,","Madame, Monsieur,","Dear Hiring Manager,","Alákòóso ìgbanisíṣẹ́ ọ̀wọ́n,","Ya Manajan Ɗaukar Ma’aikata,","Onyeisi na-ewe ọrụ m hụrụ n’anya,","src/components/docs/content.ts:27"
"Decisions","Décisions","Decisions","Àwọn ìpinnu","Shawarwari da aka yanke","Mkpebi","src/components/docs/content.ts:23"
"Decline","Refuser","Decline","Kọ̀","Ƙi","Jụ","src/components/student/StudentView.tsx:181"
"Declined.","Refusée.","Dem decline am.","A kọ̀.","An ƙi.","Anaghị anabata.","src/components/student/store.tsx:34"
"Decrease font size","Réduire la taille de police","Reduce font size","Dín ìwọ̀n fọ́ńtì kù","Rage girman rubutu","Belata nha font","src/components/docs/Toolbar.tsx:126 src/components/docs/menus.ts:162"
"Decrease indent","Réduire le retrait","Reduce indent","Dín ìfàsẹ́yìn kù","Rage shigar layi","Belata mbanye","src/components/docs/Toolbar.tsx:205 src/components/docs/menus.ts:178"
"Delete","Supprimer","Delete","Pa rẹ́","Share","Hichapụ","src/components/design/overlays.tsx:153 src/components/design/parts.tsx:75 src/components/editor/DesignCanvas.tsx:159"
"Delete column","Supprimer la colonne","Delete column","Pa òpó rẹ́","Share ginshiƙi","Hichapụ kọlọm","src/components/docs/menus.ts:205"
"Delete row","Supprimer la ligne","Delete row","Pa ìlà rẹ́","Share layi","Hichapụ ahịrị","src/components/docs/menus.ts:205"
"Delete tab","Supprimer l'onglet","Delete tab","Pa táàbù rẹ́","Share tab","Hichapụ taabụ","src/components/docs/DocsEditor.tsx:553"
"Delete table","Supprimer le tableau","Delete table","Pa tábìlì rẹ́","Share tebur","Hichapụ tebụl","src/components/docs/menus.ts:205"
"Deleted “{family}”","« {family} » supprimée","Don delete “{family}”","A pa “{family}” rẹ́","An share “{family}”","E hichapụrụ “{family}”","src/components/creator/store.tsx:139"
"Deleted “{name}”","« {name} » supprimé","Don delete “{name}”","A pa “{name}” rẹ́","An share “{name}”","Ehichapụrụ “{name}”","src/components/design/DesignApp.tsx:124 src/components/creator/store.tsx:109"
"Delivered","Livrées","Delivered","A ti fijíṣẹ́","An kai","E nyefere","src/components/design/views.tsx:245 src/components/design/data.ts:57"
"Delivered 14 Sep","Livré le 14 sept.","Don deliver 14 Sep","A fijíṣẹ́ 14 Sep","An kai 14 Sep","E nyefere 14 Sep","src/components/design/data.ts:120"
"Delivered 2 Oct","Livré le 2 oct.","Don deliver 2 Oct","A fijíṣẹ́ 2 Oct","An kai 2 Oct","E nyefere 2 Oct","src/components/design/data.ts:119"
"Delivery","Livraison","Delivery","Ìfiránṣẹ́","Isarwa","Nnyefe","src/components/editor/SendToPrinter.tsx:71 src/components/editor/SendToPrinter.tsx:105"
"Delivery by Fri 17 Oct","Livraison d'ici le ven. 17 oct.","Delivery reach Fri 17 Oct","Ìfijíṣẹ́ ní Ọjọ́ Ẹtì 17 Oct","Isarwa kafin Juma’a 17 Oct","Nnyefe ruo Fraịdee 17 Oct","src/components/design/data.ts:117"
"Delivery fee","Frais de livraison","Delivery fee","Owó ìfiránṣẹ́","Kuɗin isarwa","Ụgwọ nnyefe","src/components/editor/SendToPrinter.tsx:107"
"Department","Département","Department","Ẹ̀ka","Sashe","Ngalaba","src/components/student/StudentView.tsx:99 src/components/student/StudentView.tsx:127"
"Department of Computer Science","Département d'informatique","Department of Computer Science","Ẹ̀ka Ìmọ̀ Kọ̀ǹpútà","Sashen Kimiyyar Kwamfuta","Ngalaba Sayensị Kọmputa","src/components/design/data.ts:70 src/components/design/data.ts:81"
"DEPARTMENTAL WEEK","SEMAINE DU DÉPARTEMENT","DEPARTMENTAL WEEK","ỌSẸ̀ Ẹ̀KA","MAKON SASHE","IZU NGALABA","src/components/design/data.ts:82"
"Departmental Week Poster","Affiche de la semaine du département","Departmental Week Poster","Pósítà Ọ̀sẹ̀ Ẹ̀ka","Fostar Makon Sashe","Postà Izu Ngalaba","src/components/design/data.ts:82"
"Describe a flyer and get a layout you can edit, not a flat picture.","Décrivez un flyer et obtenez une mise en page modifiable, pas une image figée.","Talk the flyer wey you want, you go get layout wey you fit edit, no be flat picture.","Ṣàlàyé fláyà kan kí o sì gba ìṣètò tí o lè ṣàtúnṣe, kì í ṣe àwòrán tí kò yí padà.","Bayyana fliya ka samu tsari da za ka iya gyarawa, ba hoto kawai ba.","Kọwaa flaya ma nweta nhazi ị nwere ike idegharị, ọ bụghị foto nkịtị.","src/components/design/data.ts:133"
"Design and document work","Design et documents","Design and document work","Iṣẹ́ àwòrán àti ìwé","Aikin zane da takardu","Ọrụ design na akwụkwọ","src/data/apps.ts:32"
"Design and print","Concevoir et faire imprimer","Design and print","Àwòrán àti ìtẹ̀wé","Zane da ɗab’i","Design na mbipụta","src/components/auth/SignupForm.tsx:13"
"Design and print with verified printers near you.","Concevez et faites imprimer chez des imprimeurs vérifiés près de chez vous.","Design am, then print am with verified printers wey dey near you.","Ṣe àwòrán, kí o sì tẹ̀ ẹ́ pẹ̀lú àwọn atẹ̀wé tí a ti ṣàyẹ̀wò nítòsí rẹ.","Yi zane, sannan ingantattun masu bugawa kusa da ku su buga shi.","Design ma bipụta site n'aka ndị na-ebipụta e gosipụtara nọ nso gị.","src/components/auth/AuthShell.tsx:20"
"Design at real print size, then order the print.","Créez à la taille réelle d'impression, puis commandez l'impression.","Design for real print size, then order the print.","Ṣe àwòrán ní ìwọ̀n ìtẹ̀wé gidi, lẹ́yìn náà gba àṣẹ ìtẹ̀wé.","Yi zane a ainihin girman ɗab’i, sannan ka yi odar ɗab’in.","Se design n'nha mbipụta n'ezie, wee nye iwu mbipụta.","src/data/apps.ts:61"
"Design CVs, flyers, invoices, posters and more in the Ifiok editor, from your phone or a laptop.","Concevez des CV, flyers, factures, affiches et plus dans l'éditeur Ifiok, depuis votre téléphone ou un ordinateur.","Design CVs, flyers, invoices, posters and more for Ifiok editor, with your phone or laptop.","Ṣe àwòrán CV, fláyà, invoice, pósítà àti ọ̀pọ̀ ohun mìíràn nínú olùṣàtúnṣe Ifiok, láti fóònù tàbí kọ̀ǹpútà alágbèéká rẹ.","Zana CV, fleya, takardun neman kuɗi, fosta da ƙari a cikin editan Ifiok, daga wayarka ko laptop.","Se CV, flyer, invọys, posta na ndị ọzọ n'editọ Ifiok, site na ekwentị ma ọ bụ laptọọpụ gị.","src/data/creators.ts:32"
"Design from Ifiok Designs","Création depuis Ifiok Designs","Design from Ifiok Designs","Àwòrán láti Ifiok Designs","Zane daga Ifiok Designs","Design sitere na Ifiok Designs","src/components/docs/DocsEditor.tsx:267"
"Design in {family}","Créer en {family}","Design with {family}","Ṣe àwòrán pẹ̀lú {family}","Yi zane da {family}","Design n’ime {family}","src/components/design/DesignApp.tsx:128"
"Design size","Format du design","Design size","Ìwọ̀n àwòrán","Girman zane","Nha design","src/components/design/overlays.tsx:72"
"Design templates, build your portfolio, and earn. Open to verified students.","Créez des modèles, bâtissez votre portfolio et gagnez de l'argent. Ouvert aux étudiants vérifiés.","Design templates, build your portfolio, and make money. Na only verified students fit join.","Ṣe àwọn àwòṣe, kọ́ àpò iṣẹ́ rẹ, kí o sì rí owó. Ó wà fún àwọn akẹ́kọ̀ọ́ tí a ti fìdí wọn múlẹ̀.","Ƙirƙiri samfura, gina fayil ɗin ayyukanka, ka kuma sami kuɗi. A buɗe yake ga ɗaliban da aka tabbatar.","Mepụta template, wuo portfolio gị, nweta ego. Ọ dịịrị ụmụ akwụkwọ e kwadoro naanị.","src/components/CreatorInvite.tsx:65"
"Design with classmates","Créez avec vos camarades","Design with your classmates","Ṣe àwòrán pẹ̀lú àwọn ẹgbẹ́ rẹ nílé-ìwé","Yi zane tare da abokan karatu","Se design ya na ndị otu klaasị gị","src/data/student.ts:13"
"Design with this font","Créer avec cette police","Design with this font","Ṣe àwòrán pẹ̀lú fọ́ńtì yìí","Yi zane da wannan font","Mepụta design site na font a","src/components/fonts/FontsView.tsx:65 src/components/fonts/FontsView.tsx:90"
"Design your next template","Concevez votre prochain modèle","Design your next template","Ṣe àwòṣe rẹ tó kàn","Zana samfurinka na gaba","Se template gị ọzọ","src/components/creator/views.tsx:411"
"Designers can click this font and start using it. Your one-off payment was added to your earnings.","Les designers peuvent utiliser cette police d'un clic. Votre paiement unique a été ajouté à vos gains.","Designers fit click this font and start to use am. We don add your one-time payment to your earnings.","Àwọn oníṣẹ́ àwòrán lè tẹ fọ́ńtì yìí kí wọ́n sì bẹ̀rẹ̀ sí lò ó. A ti fi ìsanwó ẹ̀ẹ̀kan rẹ kún owó tí o rí.","Masu zane za su iya danna wannan font su fara amfani da shi. An ƙara biyan kuɗinka na sau ɗaya a kuɗin shigarka.","Ndị na-emepụta design nwere ike ịpị font a malite iji ya. E agbakwunyela ụgwọ otu ugboro gị n’ego ị rụpụtara.","src/components/fonts/FontStudio.tsx:322"
"Designers click and use it","Les designers la sélectionnent et l'utilisent","Designers go just click and use am","Àwọn oníṣẹ́ àwòrán á tẹ̀ ẹ́, wọ́n á sì lò ó","Masu zane su danna su yi amfani da shi","Ndị na-ese design na-apị ya ma jiri ya","src/components/creator/views.tsx:41"
"Designers click it and start using it. If approved, you are paid.","Les designers la sélectionnent et l'utilisent aussitôt. Si elle est approuvée, vous êtes payé.","Designers go just click am and start to use am. If dem approve am, dem go pay you.","Àwọn oníṣẹ́ àwòrán yóò tẹ̀ ẹ́ kí wọ́n sì bẹ̀rẹ̀ sí lò ó. Tí a bá fọwọ́ sí i, a ó sanwó fún ọ.","Masu zane na danna shi su fara amfani. Idan an amince, za a biya ka.","Ndị na-emepụta design pịa ya malite iji ya. Ọ bụrụ na e kwenyere, a ga-akwụ gị ụgwọ.","src/components/design/overlays.tsx:290"
"Designs","Designs","Designs","Àwọn àwòrán","Zane-zane","Design","src/components/editor/EditorShell.tsx:236 src/components/docs/DocsEditor.tsx:508 src/data/apps.ts:58"
"Details","Détails","Details","Àlàyé","Bayani","Nkọwa","src/components/design/parts.tsx:72 src/components/docs/Dialogs.tsx:221 src/components/creator/parts.tsx:46"
"Detty December","Detty December","Detty December","Detty December","Detty Disamba","Detty December","src/data/creator-app.ts:90"
"DETTY DECEMBER","DETTY DECEMBER","DETTY DECEMBER","DETTY DECEMBER","DETTY DISAMBA","DETTY DECEMBER","src/data/creator-app.ts:65"
"Detty December Poster","Affiche Detty December","Detty December Poster","Pósítà Detty December","Fosta na Detty Disamba","Posta Detty December","src/data/creator-app.ts:65"
"Dictionary","Dictionnaire","Dictionary","Atúmọ̀ èdè","Ƙamus","Akwụkwọ ọkọwa okwu","src/components/docs/menus.ts:225"
"Die-cut vinyl","Vinyle découpé","Die-cut vinyl","Fainíìlì tí a gé ní ìrísí","Vinyl da aka yanke bisa siffa","Vinyl e bipụrụ n'udi","src/components/design/data.ts:21"
"Digit {n}","Chiffre {n}","Digit {n}","Nọ́ńbà ìkẹ́ {n}","Lamba ta {n}","Ọnụọgụ {n}","src/components/auth/SignupForm.tsx:37"
"Discount Flyer","Flyer de promotion","Discount Flyer","Fláyà Ìdínwó","Fliyar Rangwame","Flaya Mbelata Ọnụ Ahịa","src/components/design/data.ts:86"
"Dismiss","Ignorer","Comot am","Pa mọ́","Rufe","Hapụ","src/components/design/overlays.tsx:275"
"Display","Titrage","Display","Àfihàn","Na nuni","Display","src/data/fonts.ts:6 src/data/fonts.ts:50 src/data/fonts.ts:51"
"Display name","Nom affiché","Display name","Orúkọ tí a ó fihàn","Sunan da za a nuna","Aha ngosi","src/components/creator/views.tsx:399"
"Divider","Séparateur","Divider","Ìpínyà","Mai rarrabawa","Ihe nkewa","src/components/editor/DocCanvas.tsx:84 src/components/docs/DocsEditor.tsx:733"
"Do I need a laptop?","Ai-je besoin d'un ordinateur ?","I need laptop?","Ǹjẹ́ mo nílò kọ̀ǹpútà alágbèéká?","Ina buƙatar laptop?","Ọ dị m mkpa laptọọpụ?","src/data/creators.ts:122"
"Docs","Docs","Docs","Docs","Takardu","Docs","src/components/editor/EditorShell.tsx:237 src/components/docs/DocsEditor.tsx:509 src/data/apps.ts:71"
"Document","Document","Document","Ìwé àkọsílẹ̀","Takarda","Akwụkwọ","src/components/design/views.tsx:69 src/components/editor/DocCanvas.tsx:58 src/components/docs/DocsEditor.tsx:582"
"Document tabs","Onglets du document","Document tabs","Àwọn táàbù ìwé","Tab ɗin takarda","Taabụ akwụkwọ","src/components/docs/DocsEditor.tsx:548"
"Document tabs and outline","Onglets et plan du document","Document tabs and outline","Àwọn táàbù ìwé àti àkópọ̀ rẹ̀","Tab ɗin takarda da tsarin kanun labarai","Taabụ akwụkwọ na nkọwa dị mkpụmkpụ","src/components/docs/DocsEditor.tsx:546 src/components/docs/DocsEditor.tsx:685"
"Document type","Type de document","Type of document","Irú ìwé àkọsílẹ̀","Nau’in takarda","Ụdị akwụkwọ","src/components/design/docsViews.tsx:38"
"Documents","Documents","Documents","Àwọn ìwé","Takardu","Akwụkwọ","src/components/design/DesignApp.tsx:131 src/components/design/DesignApp.tsx:156 src/components/design/docsViews.tsx:82"
"Don't show this again","Ne plus afficher","No show me this again","Má ṣe fi èyí hàn mi mọ́","Kada ka sake nuna mini wannan","Egosila m nke a ọzọ","src/components/CreatorInvite.tsx:72"
"Done","Terminé","Don finish","Ti parí","An gama","Emechala","src/components/docs/Dialogs.tsx:73 src/components/docs/Dialogs.tsx:142 src/components/docs/Dialogs.tsx:154"
"Doors open 6pm","Ouverture des portes à 18 h","Door go open by 6pm","A ṣílẹ̀kùn ní aago 6 ìrọ̀lẹ́","Ana buɗe ƙofa ƙarfe 6 na yamma","Ọnụ ụzọ ga-emepe elekere 6 nke mgbede","src/components/design/data.ts:94"
"Double","Double","Double","Ìlọ́po méjì","Biyu","Okpukpu abụọ","src/components/docs/menus.ts:183 src/components/docs/menus.ts:279"
"Download","Télécharger","Download","Gbà sílẹ̀","Sauke","Budata","src/components/docs/menus.ts:27"
"Download CSV","Télécharger le CSV","Download CSV","Gbà CSV sílẹ̀","Sauke CSV","Budata CSV","src/components/creator/views.tsx:341"
"Downloaded","Téléchargé","Don download","A ti gbà á sílẹ̀","An sauke","E budatala","src/components/docs/DocsEditor.tsx:226"
"Draft","Brouillon","Draft","Àfọwọ́kọ","Daftari","Draft","src/components/fonts/FontStudio.tsx:14 src/components/design/data.ts:53 src/data/creator-app.ts:44"
"Drawing","Dessin","Drawing","Yíyà àwòrán","Zane","Eserese","src/components/docs/menus.ts:124"
"Due","Échéance","Deadline","Ọjọ́ ìparí","Ranar ƙarshe","Oge njedebe","src/components/docs/content.ts:25"
"Duplicate","Dupliquer","Duplicate","Ṣe ẹ̀dà","Kwafa","Myịnye","src/components/design/overlays.tsx:152 src/components/design/parts.tsx:74 src/components/editor/DesignCanvas.tsx:157"
"Duplicate and rework","Dupliquer et retravailler","Duplicate and fix am","Ṣe ẹ̀dà kí o tún ṣe","Kwafa ka sake gyarawa","Ṅomie ma megharịa","src/components/creator/dialogs.tsx:176"
"Duplicated","Dupliqué","Don duplicate am","A ṣe ẹ̀dà","An kwafa","E myịnye ya","src/components/design/DesignApp.tsx:117"
"Duplicated as a draft.","Dupliqué en brouillon.","Don duplicate am as draft.","A ṣe ẹ̀dà rẹ̀ bí àkọsílẹ̀ àkọ́kọ́.","An kwafa a matsayin daftari.","E ṅomiri ya dị ka draft.","src/components/creator/store.tsx:103"
"e.g. Archivo, DM Serif Display","p. ex. Archivo, DM Serif Display","e.g. Archivo, DM Serif Display","fún àpẹẹrẹ, Archivo, DM Serif Display","misali Archivo, DM Serif Display","dịka Archivo, DM Serif Display","src/components/creator/dialogs.tsx:63 src/components/creator/dialogs.tsx:190"
"e.g. Aso Ebi Display","ex. Aso Ebi Display","e.g. Aso Ebi Display","bíi Aso Ebi Display","misali Aso Ebi Display","dịka Aso Ebi Display","src/components/fonts/FontStudio.tsx:134"
"e.g. Mass Communication","ex. Communication de masse","e.g. Mass Communication","bíi Ìbánisọ̀rọ̀ Aráàlú","misali Sadarwa ta Jama’a","dịka Mass Communication","src/components/student/StudentView.tsx:99"
"Earn as a Campus Creator","Gagnez de l'argent comme Campus Creator","Make money as Campus Creator","Rí owó gẹ́gẹ́ bí Campus Creator","Samu kuɗi a matsayin Mai Ƙirƙira na Jami’a","Rụpụta ego dị ka Campus Creator","src/data/student.ts:12"
"Earned in total","Total gagné","Total wey you don earn","Àpapọ̀ owó tí o rí","Jimillar abin da aka samu","Ngụkọta ego ị rụpụtara","src/components/creator/views.tsx:304"
"Earnings","Gains","Earnings","Owó tí o rí","Kuɗin shiga","Ego ị rụpụtara","src/components/design/DesignApp.tsx:156 src/components/creator/views.tsx:89 src/components/creator/views.tsx:286"
"Easy to edit","Facile à modifier","Easy to edit","Ó rọrùn láti ṣàtúnṣe","Mai sauƙin gyarawa","Dị mfe idezigharị","src/data/creators.ts:98"
"Edit","Modifier","Edit","Ṣàtúnṣe","Gyara","Degharịa","src/components/fonts/FontStudio.tsx:309 src/components/docs/menus.ts:56 src/components/docs/menus.ts:293"
"Edit font","Modifier la police","Edit font","Ṣàtúnṣe fọ́ńtì","Gyara font","Degharịa font","src/components/fonts/FontStudio.tsx:124"
"Edit in editor","Modifier dans l'éditeur","Edit for editor","Ṣàtúnṣe nínú olùṣàtúnṣe","Gyara a editan","Degharịa n’editọ","src/components/design/overlays.tsx:151 src/components/design/parts.tsx:73 src/components/creator/dialogs.tsx:127"
"Edit in Ifiok Docs","Modifier dans Ifiok Docs","Edit am for Ifiok Docs","Ṣàtúnṣe nínú Ifiok Docs","Gyara a Ifiok Docs","Dezie na Ifiok Docs","src/components/design/overlays.tsx:151 src/components/design/parts.tsx:73"
"Edit link","Modifier le lien","Edit link","Ṣàtúnṣe ìjápọ̀","Gyara mahaɗi","Degharịa njikọ","src/components/docs/Dialogs.tsx:116"
"Edit the document directly","Modifier directement le document","Edit the document straight","Ṣàtúnṣe ìwé náà tààrà","Gyara takardar kai tsaye","Degharịa akwụkwọ ahụ ozugbo","src/components/docs/Toolbar.tsx:188 src/components/docs/menus.ts:76"
"Edit the same design together with your group, free.","Modifiez le même design avec votre groupe, gratuitement.","Edit the same design together with your group, free.","Ṣàtúnṣe àwòrán kan náà pọ̀ pẹ̀lú ẹgbẹ́ rẹ, lọ́fẹ̀ẹ́.","Ku gyara zane ɗaya tare da ƙungiyarku, kyauta.","Dezie otu design ahụ ya na otu gị, n'efu.","src/data/student.ts:13"
"Edited 3 days ago","Modifié il y a 3 jours","Dem edit am 3 days ago","A ṣàtúnṣe ní ọjọ́ mẹ́ta sẹ́yìn","An gyara kwanaki 3 da suka wuce","E degharịrị ụbọchị 3 gara aga","src/components/docs/content.ts:51"
"Edited last week","Modifié la semaine dernière","Dem edit am last week","A ṣàtúnṣe ní ọ̀sẹ̀ tó kọjá","An gyara mako da ya wuce","E degharịrị izu gara aga","src/components/docs/content.ts:52"
"Edited today","Modifié aujourd'hui","Dem edit am today","A ṣàtúnṣe lónìí","An gyara yau","E degharịrị taa","src/components/docs/content.ts:49"
"Edited yesterday","Modifié hier","Dem edit am yesterday","A ṣàtúnṣe lánàá","An gyara jiya","E degharịrị ụnyaahụ","src/components/docs/content.ts:50"
"Editing","Modification","Dey edit","Ṣíṣàtúnṣe","Gyarawa","Na-edezi","src/components/editor/EditorShell.tsx:313 src/components/docs/Toolbar.tsx:188 src/components/docs/menus.ts:76"
"Editing mode","Mode édition","Editing mode","Ọ̀nà àtúnṣe","Yanayin gyara","Ụdị mmeghari","src/components/docs/Toolbar.tsx:215"
"Editor","Éditeur","Editor","Olùṣàtúnṣe","Edita","Editor","src/components/editor/EditorShell.tsx:235 src/components/docs/DocsEditor.tsx:507 src/components/docs/Dialogs.tsx:175"
"Eighth day · Lagos","Huitième jour · Lagos","Eighth day · Lagos","Ọjọ́ kẹjọ · Lagos","Rana ta takwas · Lagos","Ụbọchị nke asaa · Lagos","src/components/design/data.ts:93"
"Elegant","Élégante","Elegant","Ṣíṣe ọ̀ṣọ́","Mai kyawun ado","Mara mma","src/data/fonts.ts:7"
"Elements","Éléments","Elements","Àwọn èròjà","Abubuwa","Ihe","src/components/editor/EditorShell.tsx:24"
"Email","E-mail","Email","Ímeèlì","Imel","Ozi ịntanetị","src/components/auth/LoginForm.tsx:67 src/components/auth/SignupForm.tsx:112"
"Email draft","Brouillon d'e-mail","Email draft","Ìwé àfọwọ́kọ ímeèlì","Daftarin imel","Draft email","src/components/docs/menus.ts:111"
"Email or phone number","E-mail ou numéro de téléphone","Email or phone number","Ímeèlì tàbí nọ́ńbà fóònù","Imel ko lambar waya","Ozi ịntanetị ma ọ bụ nọmba ekwentị","src/components/auth/LoginForm.tsx:53"
"Email this document","Envoyer ce document par e-mail","Email this document","Fi ìwé yìí ránṣẹ́ nípasẹ̀ ímeèlì","Aika wannan takarda ta imel","Zipụ akwụkwọ a n’email","src/components/docs/menus.ts:25"
"Emoji","Émoji","Emoji","Emoji","Emoji","Emoji","src/components/docs/menus.ts:132 src/components/docs/menus.ts:287"
"English","English","English","English","English","English","src/components/docs/menus.ts:46"
"Enter a full address that starts with https://","Saisissez une adresse complète commençant par https://","Put full address wey start with https://","Tẹ àdírẹ́sì kíkún tó bẹ̀rẹ̀ pẹ̀lú https://","Shigar da cikakken adireshi da ya fara da https://","Tinye adreesị zuru ezu malitere na https://","src/components/docs/Dialogs.tsx:120"
"Enter a Nigerian phone number, like 0803 123 4567.","Saisissez un numéro de téléphone nigérian, comme 0803 123 4567.","Put Nigerian phone number, like 0803 123 4567.","Tẹ nọ́ńbà fóònù Nàìjíríà sí i, bíi 0803 123 4567.","Shigar da lambar wayar Najeriya, kamar 0803 123 4567.","Tinye nọmba ekwentị Naịjirịa, dị ka 0803 123 4567.","src/components/auth/LoginForm.tsx:23 src/components/auth/SignupForm.tsx:73"
"Enter it in this month's theme:","Participez au thème de ce mois-ci :","Put am inside this month theme:","Fi sínú àkòrí oṣù yìí:","Shigar da shi cikin jigon wannan wata:","Tinye ya n'isiokwu nke ọnwa a:","src/components/creator/dialogs.tsx:191"
"Enter the 10-digit account number.","Saisissez le numéro de compte à 10 chiffres.","Put the 10-digit account number.","Tẹ nọ́ńbà àkáǹtì oní-díjítì 10 sí i.","Shigar da lambar asusu mai lamba 10.","Tinye nọmba akaụntụ nke ọnụọgụ 10.","src/components/creator/views.tsx:211"
"Enter the 6-digit code.","Saisissez le code à 6 chiffres.","Put the 6-digit code.","Tẹ kóòdù oní-nọ́ńbà mẹ́fà náà sí i.","Shigar da lambar mai lambobi 6.","Tinye koodu nke ọnụọgụ 6.","src/components/auth/SignupForm.tsx:84"
"Enter the email you signed up with.","Saisissez l'e-mail avec lequel vous vous êtes inscrit.","Put the email wey you use sign up.","Tẹ ímeèlì tí o fi forúkọ sílẹ̀ sí i.","Shigar da imel ɗin da kuka yi rajista da shi.","Tinye ozi ịntanetị i ji debanye aha.","src/components/auth/LoginForm.tsx:38"
"Enter the email you signed up with. We will send you a link to choose a new password.","Saisissez l'e-mail avec lequel vous vous êtes inscrit. Nous vous enverrons un lien pour choisir un nouveau mot de passe.","Put the email wey you use sign up. We go send you link make you choose new password.","Tẹ ímeèlì tí o fi forúkọ sílẹ̀ sí i. A ó fi ìjápọ̀ ránṣẹ́ sí ọ láti yan ọ̀rọ̀ aṣínà tuntun.","Shigar da imel ɗin da kuka yi rajista da shi. Za mu aiko muku da hanyar haɗi don zaɓar sabon kalmar sirri.","Tinye ozi ịntanetị i ji debanye aha. Anyị ga-eziga gị njikọ ị ga-eji họrọ okwuntughe ọhụrụ.","src/components/auth/LoginForm.tsx:66"
"Enter your department.","Saisissez votre département.","Enter your department.","Tẹ ẹ̀ka rẹ sí i.","Shigar da sashenka.","Tinye ngalaba gị.","src/components/student/StudentView.tsx:54"
"Enter your email or phone number.","Saisissez votre e-mail ou votre numéro de téléphone.","Put your email or phone number.","Tẹ ímeèlì tàbí nọ́ńbà fóònù rẹ sí i.","Shigar da imel ko lambar wayarku.","Tinye ozi ịntanetị gị ma ọ bụ nọmba ekwentị gị.","src/components/auth/LoginForm.tsx:23"
"Enter your email.","Saisissez votre e-mail.","Put your email.","Tẹ ímeèlì rẹ sí i.","Shigar da imel ɗinku.","Tinye ozi ịntanetị gị.","src/components/auth/SignupForm.tsx:72"
"Enter your full name.","Saisissez votre nom complet.","Put your full name.","Tẹ orúkọ rẹ pátápátá sí i.","Shigar da cikakken sunanku.","Tinye aha gị zuru ezu.","src/components/auth/SignupForm.tsx:71"
"Enter your matric or student ID number.","Saisissez votre numéro matricule ou d'étudiant.","Enter your matric or student ID number.","Tẹ nọ́ńbà ìforúkọsílẹ̀ tàbí ìdánimọ̀ akẹ́kọ̀ọ́ rẹ sí i.","Shigar da lambar ɗalibinka ko ta katin shaida.","Tinye nọmba matric ma ọ bụ ID nwa akwụkwọ gị.","src/components/student/StudentView.tsx:58"
"Enter your password.","Saisissez votre mot de passe.","Put your password.","Tẹ ọ̀rọ̀ aṣínà rẹ sí i.","Shigar da kalmar sirrinku.","Tinye okwuntughe gị.","src/components/auth/LoginForm.tsx:29"
"Equation","Équation","Equation","Ìlànà ìṣirò","Lissafi","Ahịrịokwu mgbakọ","src/components/docs/menus.ts:142"
"Esc","Échap","Esc","Esc","Esc","Esc","src/components/design/overlays.tsx:239"
"Event posters, parties and gift flyers","Affiches d'événements, fêtes et flyers cadeaux","Event posters, parties and gift flyers","Pósítà ayẹyẹ, àríyá àti fláyà ẹ̀bùn","Fostocin taro, bukukuwa da fleyar kyauta","Posta emume, oriri na flyer onyinye","src/data/creator-app.ts:90"
"Every font in it is one I am allowed to share.","Chaque police utilisée est une police que j'ai le droit de partager.","Every font wey dey inside na one wey I fit share.","Gbogbo fọ́ńtì inú rẹ̀ jẹ́ èyí tí a gbà mí láàyè láti pín.","Duk font ɗin da ke ciki an yarda in raba su.","Font niile dị na ya bụ ndị e kwere m ka m kesaa.","src/components/creator/dialogs.tsx:188"
"Every photo, icon and graphic is mine or licensed for templates.","Chaque photo, icône et graphique est à moi ou sous licence pour modèles.","Every photo, icon and graphic na my own or e get licence for templates.","Gbogbo fọ́tò, aami àti àwòrán inú rẹ̀ jẹ́ tèmi tàbí a fún láṣẹ fún àwọn àwòṣe.","Kowane hoto, alama da zane nawa ne ko kuma yana da lasisi na samfuri.","Foto, icon na ihe osise niile dị na ya bụ nke m ma ọ bụ nke e nyere ikike maka template.","src/components/creator/dialogs.tsx:189"
"Everything is inside the safe area","Tout est dans la zone de sécurité","Everything dey inside di safe area","Gbogbo nǹkan wà nínú agbègbè ààbò","Komai yana cikin yankin tsaro","Ihe niile dị n'ime mpaghara nchekwa","src/components/editor/useDesign.ts:48"
"Example entry in review.","Exemple d'entrée en cours d'examen.","Example entry wey dem dey check.","Àpẹẹrẹ ìwọlé tó wà ní àyẹ̀wò.","Misalin shigarwa da ake dubawa.","Ihe atụ nọ na nlele.","src/data/fonts.ts:59"
"Example entry with feedback.","Exemple d'entrée avec retour.","Example entry with feedback.","Àpẹẹrẹ ìwọlé pẹ̀lú èsì.","Misalin shigarwa mai ra’ayi.","Ihe atụ nwere nzaghachi.","src/data/fonts.ts:60"
"Example entry. Upload your own font file to replace it.","Exemple d'entrée. Importez votre propre fichier de police pour le remplacer.","Example entry. Upload your own font file to replace am.","Àpẹẹrẹ ìwọlé. Gbé fáìlì fọ́ńtì tìrẹ sókè láti rọ́pò rẹ̀.","Misalin shigarwa. Ɗora fayil ɗin font naka don maye gurbinsa.","Ihe atụ. Bulite faịlụ font nke gị iji dochie ya.","src/data/fonts.ts:58"
"Example payout if approved","Exemple de versement si approuvé","Example payout if dem approve am","Àpẹẹrẹ ìsanwó tí a bá fọwọ́ sí i","Misalin biyan kuɗi idan an amince","Ọmụmaatụ ịkwụ ụgwọ ma e kwenye","src/components/creator/dialogs.tsx:56"
"Example price","Prix indicatif","Example price","Iye àpẹẹrẹ","Farashin misali","Ọnụ ahịa ihe atụ","src/components/design/overlays.tsx:88"
"Example price. The final price is set in the live app at checkout.","Prix indicatif. Le prix final est fixé dans l'application au paiement.","Example price. Final price dey show for the live app when you wan pay.","Iye àpẹẹrẹ ni. A máa pinnu iye ìkẹyìn nínú àpù gidi nígbà ìsanwó.","Farashin misali. Ana tabbatar da ainihin farashi a app ɗin kai tsaye lokacin biya.","Ọnụ ahịa ihe atụ. A na-ahazi ọnụ ahịa ikpeazụ n’ngwa ahụ mgbe ị na-akwụ ụgwọ.","src/components/design/overlays.tsx:181"
"Expand sidebar","Développer la barre latérale","Open sidebar","Fẹ̀ pẹpẹ ẹ̀gbẹ́ sílẹ̀","Faɗaɗa sidebar","Gbasaa sidebar","src/components/design/DesignApp.tsx:181"
"Export or correct your data, clear cache","Exporter ou corriger vos données, vider le cache","Export or correct your data, clear cache","Kó dátà rẹ jáde tàbí ṣàtúnṣe rẹ̀, pa kásè rẹ́","Fitar ko gyara bayananka, share cache","Wepụta ma ọ bụ megharịa data gị, hichapụ cache","src/components/design/data.ts:177"
"Extensions","Extensions","Extensions","Àwọn àfikún","Ƙarin abubuwa","Ngwa mgbakwunye","src/components/docs/menus.ts:233"
"Extra letters","Lettres supplémentaires","Extra letters","Àwọn lẹ́tà àfikún","Ƙarin haruffa","Mkpụrụedemede ndị ọzọ","src/components/fonts/FontStudio.tsx:223 src/components/fonts/FontsView.tsx:99"
"ExtraBold","Extra-gras","ExtraBold","Wúwo Púpọ̀","ExtraBold","ExtraBold","src/components/fonts/FontStudio.tsx:11"
"Faculty of Arts","Faculté des lettres","Faculty of Arts","Ẹ̀ka Ìmọ̀ Iṣẹ́ Ọnà","Sashen Fasaha da Adabi","Fakọlti nke Arts","src/components/design/data.ts:68 src/data/creator-app.ts:60 src/data/creator-app.ts:68"
"Failed","Échec","E fail","Kò ṣeé ṣe","Ya gaza","Dara","src/components/creator/views.tsx:347"
"Fastest","Le plus rapide","Fastest","Tó yára jù","Mafi sauri","Kacha ọsọ","src/components/editor/SendToPrinter.tsx:11 src/components/editor/data.ts:89"
"Feedback","Retour","Feedback","Èsì","Ra’ayi","Nzaghachi","src/components/creator/parts.tsx:57"
"Feedback from the Ifiok team","Retour de l'équipe Ifiok","Feedback from Ifiok team","Èsì láti ọ̀dọ̀ ẹgbẹ́ Ifiok","Ra’ayi daga ƙungiyar Ifiok","Nzaghachi si n'aka ndị otu Ifiok","src/components/creator/dialogs.tsx:142 src/components/fonts/FontStudio.tsx:318"
"Fewer","Moins","Reduce","Dín kù","Rage","Belata","src/components/design/overlays.tsx:175 src/components/editor/SendToPrinter.tsx:64"
"File","Fichier","File","Fáìlì","Fayil","Faịlụ","src/components/editor/SendToPrinter.tsx:102 src/components/docs/menus.ts:19 src/components/docs/menus.ts:118"
"File name","Nom du fichier","File name","Orúkọ fáìlì","Sunan fayil","Aha faịlụ","src/components/editor/EditorShell.tsx:240 src/components/docs/DocsEditor.tsx:494"
"Files","Fichiers","Files","Àwọn fáìlì","Fayiloli","Faịlụ","src/components/design/DesignApp.tsx:156"
"Fill a form","Remplir un formulaire","Fill form","Kún fọ́ọ̀mù","Cike fom","Dejupụta fọm","src/components/editor/EditorShell.tsx:33"
"Filter by app","Filtrer par application","Filter by app","Ṣe àlẹ̀mọ́ nípasẹ̀ ohun-èlò","Tace ta manhaja","Hichapụ site na app","src/components/design/views.tsx:184"
"Filter by status","Filtrer par statut","Filter by status","Ṣààyàn nípasẹ̀ ipò","Tace bisa matsayi","Chọpụta site n’ọnọdụ","src/components/design/views.tsx:191 src/components/creator/views.tsx:151 src/components/fonts/FontStudio.tsx:259"
"Filter fonts","Filtrer les polices","Filter fonts","Ṣààyàn fọ́ńtì","Tace fonts","Chọpụta font","src/components/fonts/FontsView.tsx:46"
"Final year project report","Rapport de projet de fin d'études","Final year project report","Ìròyìn iṣẹ́ àkànṣe ọdún ìkẹyìn","Rahoton aikin shekarar ƙarshe","Akụkọ ọrụ afọ ikpeazụ","src/components/design/data.ts:70"
"Find","Rechercher","Find","Wá","Nema","Chọta","src/components/docs/Dialogs.tsx:43 src/components/docs/menus.ts:68 src/components/docs/menus.ts:293"
"Find and replace","Rechercher et remplacer","Find and replace","Wá kí o sì rọ̀ padà","Nema da maye gurbi","Chọta ma dochie","src/components/docs/Dialogs.tsx:43 src/components/docs/Dialogs.tsx:52 src/components/docs/menus.ts:69"
"Find in document","Rechercher dans le document","Find inside document","Wá nínú ìwé","Nema a cikin takarda","Chọta n’akwụkwọ","src/components/docs/Dialogs.tsx:47"
"Finish","Finition","Finish","Ìparí iṣẹ́","Gama-gari","Mkpụchi","src/components/editor/SendToPrinter.tsx:67"
"First draft","Premier jet","First draft","Àfọwọ́kọ àkọ́kọ́","Daftari na farko","Draft mbụ","src/components/docs/content.ts:61"
"Fit","Ajuster","Fit","Bá mu","Daidaita","Kwekọọ","src/components/editor/EditorShell.tsx:349"
"Fit to width","Ajuster à la largeur","Fit to width","Mú kí ó kún ìbú","Daidaita da faɗi","Kwekọọ n’obosara","src/components/docs/DocsEditor.tsx:707 src/components/docs/menus.ts:89"
"Fix","Corriger","Fix","Tún ṣe","Gyara","Rụzie","src/components/editor/EditorShell.tsx:339 src/components/docs/DocsEditor.tsx:699"
"Fix spelling","Corriger l'orthographe","Fix spelling","Tún ìkọ̀wé ṣe","Gyara rubutu","Rụzie mkpụrụedemede","src/components/editor/EditorShell.tsx:34 src/components/docs/content.ts:71"
"Fixed","Corrigé","Don fix","A ti tún ṣe","An gyara","E rụziri","src/components/editor/EditorShell.tsx:339 src/components/docs/DocsEditor.tsx:699"
"FLASH SALE","VENTE FLASH","FLASH SALE","TÍTÀ KÍÁKÍÁ","SAYARWAR GAGGAWA","AHỊA NGWA NGWA","src/components/design/data.ts:87"
"Flattened pictures","Images aplaties","Flat pictures","Àwọn àwòrán tí a dì mọ́ ara wọn","Hotuna da aka haɗe waje ɗaya","Foto e mekpọrọ","src/data/creators.ts:100"
"Flex banner","Bannière flex","Flex banner","Bánà Flex","Banar flex","Flex banner","src/components/design/data.ts:19 src/data/creator-app.ts:14"
"Flex Banner — Sale","Bannière flex — Soldes","Flex Banner — Sale","Báńnà Fléèksì — Títà","Banner na Flex — Sayarwa","Flex Banner — Ahịa","src/components/design/data.ts:87"
"Flyer","Flyer","Flyer","Fláyà","Fliya","Flaya","src/components/docs/DocsEditor.tsx:267 src/components/design/data.ts:166 src/data/creator-app.ts:12"
"Flyer A4","Flyer A4","Flyer A4","Fláyà A4","Fleya A4","Flyer A4","src/components/design/data.ts:17"
"Flyer A5","Flyer A5","Flyer A5","Fláyà A5","Fleya A5","Flyer A5","src/components/design/data.ts:16"
"Font","Police","Font","Fọ́ńtì","Font","Font","src/components/editor/DesignCanvas.tsx:138 src/components/docs/Toolbar.tsx:112"
"Font and lettering templates","Modèles de polices et de lettrage","Font and lettering templates","Àwọn àwòṣe fọ́ńtì àti lẹ́tà kíkọ","Samfurin font da rubutun ado","Template font na ide mkpụrụedemede","src/components/creator/views.tsx:369"
"Font and lettering templates: use only fonts you may share, and list every font you used. Reviews take {reviewTime}.","Modèles de polices et de lettrage : n'utilisez que des polices que vous pouvez partager et indiquez chaque police utilisée. L'examen prend {reviewTime}.","Font and lettering templates: use only fonts wey you fit share, and write every font wey you use. Review dey take {reviewTime}.","Àwọn àwòṣe fọ́ńtì àti lẹ́tà kíkọ: lo àwọn fọ́ńtì tí o lè pín nìkan, kí o sì kọ gbogbo fọ́ńtì tí o lò sílẹ̀. Àyẹ̀wò máa ń gba {reviewTime}.","Samfurin font da rubutun ado: yi amfani da font ɗin da aka yarda ka raba kawai, kuma ka rubuta duk font ɗin da ka yi amfani da su. Dubawa na ɗaukar {reviewTime}.","Template font na ide mkpụrụedemede: jiri naanị font ị nwere ike ikesa, ma depụta font niile ị jiri. Nlele na-ewe {reviewTime}.","src/components/creator/views.tsx:115"
"Font files","Fichiers de police","Font files","Àwọn fáìlì fọ́ńtì","Fayilolin font","Faịlụ font","src/components/fonts/FontStudio.tsx:32"
"Font name","Nom de la police","Font name","Orúkọ fọ́ńtì","Sunan font","Aha font","src/components/fonts/FontStudio.tsx:133"
"Font pairing sheet","Fiche d'association de polices","Font pairing sheet","Ìwé ìṣàpọ̀ fọ́ńtì","Takardar haɗa font","Ibe ijikọ font","src/data/creator-app.ts:37"
"Font size","Taille de police","Font size","Ìwọ̀n fọ́ńtì","Girman rubutu","Nha font","src/components/docs/Toolbar.tsx:73 src/components/docs/Toolbar.tsx:76 src/components/docs/Toolbar.tsx:125"
"Font templates","Modèles de police","Font templates","Àwọn àwòṣe fọ́ńtì","Samfurin font","Template font","src/data/creator-app.ts:35 src/data/creator-app.ts:36 src/data/creator-app.ts:37"
"Fonts","Polices","Fonts","Àwọn fọ́ńtì","Fonts","Font","src/components/design/DesignApp.tsx:156 src/components/fonts/FontsView.tsx:37 src/components/design/data.ts:129"
"Fonts are embedded","Les polices sont intégrées","Fonts don enter inside","A ti fi àwọn fọ́ńtì sínú fáìlì","An saka font a cikin fayil","E tinyere font ndị ahụ","src/components/editor/EditorShell.tsx:90 src/components/editor/useDesign.ts:54 src/components/docs/DocsEditor.tsx:178"
"Fonts are embedded when you print","Les polices sont intégrées à l'impression","Fonts go dey inside when you print","A ó fi àwọn fọ́ńtì sínú fáìlì nígbà tí o bá ń tẹ̀wé","Ana saka font a cikin fayil lokacin bugawa","A na-etinye font ndị ahụ mgbe ị na-ebipụta","src/components/design/overlays.tsx:132"
"Fonts are set in your Brand kit.","Les polices sont définies dans votre kit de marque.","Your Brand kit na im set di fonts.","A ṣètò àwọn fọ́ńtì nínú Brand kit rẹ.","An saita font a Brand kit ɗinka.","E setịrị font na Brand kit gị.","src/components/editor/EditorShell.tsx:172"
"Fonts designers can click and start using. {shownCount} of {fontsCount}.","Des polices que les designers utilisent d'un clic. {shownCount} sur {fontsCount}.","Fonts wey designers fit click and start to use. {shownCount} for {fontsCount}.","Àwọn fọ́ńtì tí àwọn oníṣẹ́ àwòrán lè tẹ̀ kí wọ́n sì bẹ̀rẹ̀ sí lò. {shownCount} nínú {fontsCount}.","Fonts da masu zane za su iya danna su fara amfani. {shownCount} cikin {fontsCount}.","Font ndị na-emepụta design nwere ike ịpị malite iji. {shownCount} n’ime {fontsCount}.","src/components/fonts/FontStudio.tsx:255"
"Fonts used","Polices utilisées","Fonts wey you use","Àwọn fọ́ńtì tí o lò","Font ɗin da aka yi amfani da su","Font ndị e jiri","src/components/creator/dialogs.tsx:62 src/components/creator/dialogs.tsx:190"
"Footer text","Texte du pied de page","Footer text","Ọ̀rọ̀ ìsàlẹ̀ ojú-ìwé","Rubutun ƙasa","Ederede ala peeji","src/components/docs/Dialogs.tsx:232"
"Footer, centred","Pied de page, centré","Footer, centred","Ìsàlẹ̀ ojú-ìwé, ní àárín","Rubutun ƙasa, a tsakiya","Ala peeji, n’etiti","src/components/docs/Dialogs.tsx:233 src/components/docs/menus.ts:149"
"Footnote","Note de bas de page","Footnote","Àkíyèsí ìsàlẹ̀","Bayanin ƙasa","Ihe odide n’ala peeji","src/components/docs/menus.ts:141"
"Footnote text","Texte de la note de bas de page","Footnote text","Ọ̀rọ̀ àkíyèsí ìsàlẹ̀","Rubutun bayanin ƙasa","Ederede ihe odide n’ala peeji","src/components/docs/DocsEditor.tsx:291"
"For myself or my business","Pour moi ou pour mon entreprise","For me or my business","Fún ara mi tàbí iṣẹ́ òwò mi","Don kaina ko kasuwancina","Maka onwe m ma ọ bụ azụmahịa m","src/components/auth/SignupForm.tsx:13"
"For print shops: receive, print and deliver Ifiok orders.","Pour les imprimeries : recevez, imprimez et livrez les commandes Ifiok.","For print shops: receive, print and deliver Ifiok orders.","Fún àwọn ilé ìtẹ̀wé: gba, tẹ̀ kí o sì gbé àwọn àṣẹ Ifiok jáde.","Ga shagunan ɗab’i: karɓa, ɗab’a da kai odar Ifiok.","Maka ụlọ ọrụ mbipụta: nata, bipụta ma zigara iwu Ifiok.","src/data/apps.ts:87"
"For your support","Pour votre soutien","Abeg, thank you for your support","Fún àtìlẹ́yìn yín","Saboda goyon bayanku","Maka nkwado gị","src/components/design/data.ts:83"
"Forgot password?","Mot de passe oublié ?","You forget password?","Ṣé o gbàgbé ọ̀rọ̀ aṣínà?","Kun manta kalmar sirri?","Chefuo okwuntughe?","src/components/auth/LoginForm.tsx:55"
"Formal Cover Letter","Lettre de motivation formelle","Formal Cover Letter","Lẹ́tà Ìwé Iṣẹ́ Oníbàǹdé","Wasiƙar Neman Aiki ta Hukuma","Akwụkwọ Ozi Ntinye Nke Ọkwa","src/components/design/data.ts:104"
"Format","Format","Format","Ìṣètò","Tsari","Nhazi","src/components/docs/menus.ts:155"
"Formatting","Mise en forme","Formatting","Ìṣètò","Tsarawa","Ịhazi","src/components/editor/EditorShell.tsx:295 src/components/docs/Toolbar.tsx:192"
"Founder · Okafor Bakes","Fondatrice · Okafor Bakes","Founder · Okafor Bakes","Olùdásílẹ̀ · Okafor Bakes","Wanda ya kafa · Okafor Bakes","Onye malitere · Okafor Bakes","src/components/auth/AuthShell.tsx:29 src/components/design/data.ts:61 src/data/creator-app.ts:59"
"Four weeks from approval: week one for the site, week two for the kiosk, week three for training and week four for the launch.","Quatre semaines à compter de l'approbation : semaine un pour le site, semaine deux pour le kiosque, semaine trois pour la formation et semaine quatre pour le lancement.","Four weeks after dem approve am: week one na for the site, week two na for the kiosk, week three na for training and week four na for the launch.","Ọ̀sẹ̀ mẹ́rin lẹ́yìn ìfọwọ́sí: ọ̀sẹ̀ kìíní fún ibẹ̀, ọ̀sẹ̀ kejì fún kióósì náà, ọ̀sẹ̀ kẹta fún ìdánilẹ́kọ̀ọ́ àti ọ̀sẹ̀ kẹrin fún ìṣílọ́lẹ̀.","Makonni huɗu daga amincewa: mako na farko don wurin, mako na biyu don rumfar, mako na uku don horo, mako na huɗu kuma don ƙaddamarwa.","Izu anọ site na nkwado: izu mbụ maka saịtị, izu nke abụọ maka kiosk, izu nke atọ maka ọzụzụ na izu nke anọ maka mmalite.","src/components/docs/content.ts:13"
"Français","Français","Français","Français","Français","Français","src/components/docs/menus.ts:46 src/components/docs/menus.ts:222"
"Free for students","Gratuit pour les étudiants","Free for students","Ọ̀fẹ́ fún àwọn akẹ́kọ̀ọ́","Kyauta ga ɗalibai","N’efu maka ndị nwa akwụkwọ","src/components/student/StudentView.tsx:84 src/components/student/StudentView.tsx:171"
"Free PDF and QR tools that work on a phone.","Outils PDF et QR gratuits, utilisables sur téléphone.","Free PDF and QR tools wey dey work for phone.","Àwọn irinṣẹ́ PDF àti QR ọ̀fẹ́ tó ń ṣiṣẹ́ lórí fóònù.","Kayan aikin PDF da QR kyauta masu aiki a waya.","Ngwa ọrụ PDF na QR n'efu nke na-arụ ọrụ na ekwentị.","src/data/apps.ts:112"
"Free perks with your school ID","Avantages gratuits avec votre carte d'étudiant","Free gift with your school ID","Àǹfààní ọ̀fẹ́ pẹ̀lú káàdì ilé-ẹ̀kọ́ rẹ","Kyautar fa’ida da katin shaidar makarantarku","Uru n'efu site na kaadi ID ụlọ akwụkwọ gị","src/components/auth/SignupForm.tsx:14"
"Free student tools","Outils gratuits pour étudiants","Free student tools","Àwọn irinṣẹ́ ọ̀fẹ́ fún akẹ́kọ̀ọ́","Kayan aikin ɗalibai kyauta","Ngwa ọrụ n'efu maka ụmụ akwụkwọ","src/data/student.ts:11"
"Free to start. Pay only when you print.","Gratuit pour commencer. Vous ne payez que lorsque vous faites imprimer.","E free to start. You go pay only when you print.","Ọ̀fẹ́ ni láti bẹ̀rẹ̀. Sanwó nìkan nígbà tí o bá fi àṣẹ ìtẹ̀wé ránṣẹ́.","Farawa kyauta ce. Ku biya ne kawai idan kun yi odar ɗab’i.","Malite n'efu. Kwụọ ụgwọ naanị mgbe ị nyere iwu mbipụta.","src/components/auth/AuthShell.tsx:32 src/components/auth/SignupForm.tsx:96"
"Free to use in your Ifiok designs.","Gratuite dans vos designs Ifiok.","Free to use for your Ifiok designs.","Ọ̀fẹ́ láti lò nínú àwọn àwòrán Ifiok rẹ.","Kyauta don amfani a zanukanka na Ifiok.","N’efu iji n’ime design Ifiok gị.","src/components/fonts/FontsView.tsx:114"
"Free tools","Outils gratuits","Free tools","Àwọn irinṣẹ́ ọ̀fẹ́","Kayan aiki kyauta","Ngwa n’efu","src/components/design/overlays.tsx:207"
"From {price}","À partir de {price}","From {price}","Láti {price}","Daga {price}","Site na {price}","src/components/docs/DocsEditor.tsx:661"
"From my Ifiok brand kit","Depuis ma charte Ifiok","From my Ifiok brand kit","Láti inú àpò àmì ìdánimọ̀ Ifiok mi","Daga kayan alamar kasuwancina na Ifiok","Site na ngwa ika Ifiok m","src/components/docs/menus.ts:104"
"From my Ifiok Designs","Depuis mes Ifiok Designs","From my Ifiok Designs","Láti inú Ifiok Designs mi","Daga Ifiok Designs ɗina","Site na Ifiok Designs m","src/components/docs/menus.ts:105"
"Front print area","Zone d'impression avant","Front print area","Ibi ìtẹ̀wé iwájú","Wurin ɗab’i na gaba","Ebe mbipụta n'ihu","src/components/design/data.ts:25"
"Full name","Nom complet","Full name","Orúkọ kíkún","Cikakken suna","Aha zuru ezu","src/components/auth/SignupForm.tsx:111"
"Full screen","Plein écran","Full screen","Ojú-ìwé kíkún","Cikakken allo","Ihuenyo zuru ezu","src/components/docs/menus.ts:94"
"Full-page flyers","Flyers pleine page","Full-page flyers","Fláyà ojú-ìwé kíkún","Fleya ta cikakken shafi","Flyer ibe zuru ezu","src/components/design/data.ts:17"
"General access","Accès général","General access","Ìwọlé gbogbogbò","Samun shiga na gama-gari","Ịnweta n’ozuzu","src/components/docs/Dialogs.tsx:184"
"Get approved","Faites-vous approuver","Get approved","Gba ìfọwọ́sí","Samu amincewa","Nweta nkwenye","src/components/creator/views.tsx:309"
"Get approved by Ifiok","Faites-vous approuver par Ifiok","Ifiok go approve am","Gba ìfọwọ́sí Ifiok","Samu amincewar Ifiok","Nweta nkwenye Ifiok","src/data/creators.ts:33"
"Get it by","À recevoir d'ici le","You go get am by","Gbà á ní","Karɓa kafin","Nweta ya tupu","src/components/editor/SendToPrinter.tsx:68 src/components/editor/SendToPrinter.tsx:69 src/components/editor/SendToPrinter.tsx:105"
"Get more extensions","Obtenir plus d'extensions","Get more extensions","Gba àwọn àfikún púpọ̀ sí i","Samu ƙarin abubuwa","Nweta ngwa mgbakwunye ndị ọzọ","src/components/docs/menus.ts:239"
"Get paid","Soyez payé","Collect your money","Gba owó rẹ","Karɓi kuɗinka","Nweta ụgwọ","src/components/creator/views.tsx:311"
"Get paid when Ifiok approves them","Soyez payé dès qu'Ifiok les approuve","Collect money when Ifiok approve dem","Gba owó nígbà tí Ifiok bá fọwọ́ sí wọn","A biya ku idan Ifiok ya amince da su","Nweta ụgwọ mgbe Ifiok kwadoro ha","src/components/auth/SignupForm.tsx:15"
"Give your font a name.","Donnez un nom à votre police.","Give your font name.","Fún fọ́ńtì rẹ ní orúkọ.","Ba font ɗinka suna.","Nye font gị aha.","src/components/fonts/FontStudio.tsx:90"
"Go to","Aller à","Go to","Lọ sí","Je zuwa","Gaa na","src/components/design/overlays.tsx:204 src/components/design/overlays.tsx:210"
"Good","Bon","Good","Dára","Mai kyau","Ọ dị mma","src/components/auth/SignupForm.tsx:89"
"Good for","Idéale pour","Good for","Ó dára fún","Ya dace da","Dị mma maka","src/components/fonts/FontsView.tsx:113"
"Good for body text","Idéale pour le texte courant","Good for body text","Dára fún ọ̀rọ̀ inú ìwé","Mai kyau ga babban rubutu","Dị mma maka ederede isi","src/data/fonts.ts:7"
"Good for posters","Idéale pour les affiches","Good for posters","Dára fún pósítà","Mai kyau ga fosta","Dị mma maka posta","src/data/fonts.ts:7"
"Google account, Google Drive, AI keys","Compte Google, Google Drive, clés IA","Google account, Google Drive, AI keys","Àkáǹtì Google, Google Drive, kọ́kọ́rọ́ AI","Asusun Google, Google Drive, makullan AI","Akaụntụ Google, Google Drive, igodo AI","src/components/design/data.ts:178"
"Graduate · Lagos","Diplômé · Lagos","Graduate · Lagos","Ọmọ ìkẹ́kọ̀ọ́yege · Lagos","Wanda ya kammala karatu · Lagos","Onye gụsịrị akwụkwọ · Lagos","src/components/design/data.ts:79"
"Graduate CV with Photo","CV de jeune diplômé avec photo","Graduate CV with Photo","CV Ọmọ Ìkẹ́kọ̀ọ́yege pẹ̀lú Fọ́tò","CV na Wanda Ya Kammala Karatu da Hoto","CV Onye Gụsịrị Akwụkwọ na Foto","src/components/design/data.ts:79"
"Graduate trainee application","Candidature au programme de jeunes diplômés","Graduate trainee application","Ìwé ìbéèrè iṣẹ́ akẹ́kọ̀ọ́ gboyè","Neman horon masu kammala karatu","Ntinye akwụkwọ maka onye na-amụ ọrụ mgbe ọ gụsịrị akwụkwọ","src/components/docs/content.ts:44 src/components/design/data.ts:72"
"GRAND OPENING","GRANDE OUVERTURE","GRAND OPENING","ṢÍṢÍ ILÉ IṢẸ́ ÀJỌYỌ̀","BUDEWA TA MUSAMMAN","MMEGHE NKE UKWUU","src/components/auth/AuthShell.tsx:28 src/components/editor/data.ts:20 src/components/design/data.ts:62"
"Grand Opening — flyer","Grande ouverture — flyer","Grand Opening — flyer","Ṣíṣí Ilé Iṣẹ́ Àjọyọ̀ — fláyà","Buɗewa ta Musamman — fleya","Mmeghe nke Ukwuu — flyer","src/components/design/data.ts:62 src/components/design/data.ts:117"
"Grand Opening flyer","Flyer de grande ouverture","Grand Opening flyer","Fláyà Ṣíṣí Ilé-iṣẹ́ Lọ́nà Àjọyọ̀","Fosta na Babban Buɗewa","Flaya mmeghe ukwu","src/components/editor/EditorShell.tsx:40"
"Grand Opening Flyer","Flyer de grande ouverture","Grand Opening Flyer","Fláyà Ìṣílọ́lẹ̀ Ńlá","Fliyar Gagarumin Buɗewa","Flaya Imeghe Ụlọ Ahịa","src/components/editor/data.ts:31 src/components/design/data.ts:84 src/data/creator-app.ts:58"
"Greeting card","Carte de vœux","Greeting card","Káàdì ìkíni","Katin gaisuwa","Kaadị ekele","src/data/creator-app.ts:30"
"Grid","Grille","Grid","Gíríìdì","Grid","Grid","src/components/design/views.tsx:180 src/components/creator/views.tsx:147"
"Grow","Développer","Grow","Dàgbà","Bunƙasa","Too","src/components/design/DesignApp.tsx:155 src/data/apps.ts:34"
"Guidelines","Consignes","Guidelines","Àwọn ìlànà","Ka’idoji","Ntụziaka","src/components/design/DesignApp.tsx:156 src/components/creator/views.tsx:111 src/components/creator/views.tsx:364"
"Guides","Repères","Guides","Àwọn atọ́nà","Jagorori","Ntụziaka","src/components/editor/EditorShell.tsx:352"
"Handle","Identifiant","Handle","Orúkọ àmúlò","Sunan amfani","Aha njirimara","src/components/creator/views.tsx:400"
"Handouts and inserts","Prospectus et encarts","Handouts and inserts","Ìwé ìpín àti ìwé àfikún","Takardun rabawa da na saka","Ihe e kesara na ihe e tinye","src/components/design/data.ts:16"
"Handwriting","Manuscrite","Handwriting","Ọwọ́ kíkọ","Rubutun hannu","Ederede aka","src/data/fonts.ts:6 src/data/fonts.ts:52 src/data/fonts.ts:60"
"Hausa","Haoussa","Hausa","Hausa","Hausa","Hausa","src/components/fonts/FontStudio.tsx:185 src/components/fonts/FontStudio.tsx:223 src/components/fonts/FontsView.tsx:103"
"Header text","Texte de l'en-tête","Header text","Ọ̀rọ̀ òkè ojú-ìwé","Rubutun sama","Ederede isi peeji","src/components/docs/Dialogs.tsx:231"
"Header, right","En-tête, à droite","Header, right","Òkè ojú-ìwé, ní ọ̀tún","Rubutun sama, dama","Isi peeji, aka nri","src/components/docs/Dialogs.tsx:233 src/components/docs/menus.ts:149"
"Headers and footers","En-têtes et pieds de page","Headers and footers","Òkè àti ìsàlẹ̀ ojú-ìwé","Rubutun sama da na ƙasa","Isi peeji na ala peeji","src/components/docs/Dialogs.tsx:230 src/components/docs/menus.ts:146 src/components/docs/menus.ts:198"
"Heading 1","Titre 1","Heading 1","Àkọlé 1","Kanun labari 1","Isi okwu 1","src/components/editor/EditorShell.tsx:298 src/components/editor/DocCanvas.tsx:80 src/components/docs/DocsEditor.tsx:726"
"Heading 2","Titre 2","Heading 2","Àkọlé 2","Kanun labari 2","Isi okwu 2","src/components/editor/EditorShell.tsx:298 src/components/editor/DocCanvas.tsx:81 src/components/docs/DocsEditor.tsx:727"
"Heading 3","Titre 3","Heading 3","Àkọlé 3","Kanun labari 3","Isi okwu 3","src/components/docs/DocsEditor.tsx:728 src/components/docs/menus.ts:169 src/components/docs/menus.ts:274"
"Headings you add show up here.","Les titres que vous ajoutez apparaissent ici.","Headings wey you add go show here.","Àwọn àkọlé tí o bá fi kún yóò hàn níbí.","Kanun labaran da ka ƙara za su bayyana a nan.","Isi okwu ndị ị tinyere ga-apụta ebe a.","src/components/editor/EditorShell.tsx:189"
"Headings you add to the document will appear here.","Les titres que vous ajoutez au document apparaîtront ici.","Headings wey you add to the document go show here.","Àwọn àkọlé tí o bá fi kún ìwé náà yóò hàn níbí.","Kanun labaran da ka ƙara a takardar za su bayyana a nan.","Isi okwu ị tinyere n’akwụkwọ ga-apụta ebe a.","src/components/docs/DocsEditor.tsx:562"
"Height","Hauteur","Height","Gíga","Tsayi","Ịdị elu","src/components/design/overlays.tsx:106"
"Help","Aide","Help","Ìrànlọ́wọ́","Taimako","Enyemaka","src/components/docs/menus.ts:243"
"Hi {first}, ready for class?","Salut {first}, prêt(e) pour les cours ?","Hi {first}, you ready for class?","Báwo {first}, ṣé o ṣetán fún kíláàsì?","Sannu {first}, ka shirya don aji?","Ndewo {first}, ị dị njikere maka klaasị?","src/components/design/DesignApp.tsx:219"
"Hi {first}. Make templates and fonts, submit them, and follow your earnings.","Bonjour {first}. Créez des modèles et des polices, soumettez-les et suivez vos gains.","Hi {first}. Make templates and fonts, submit dem, and follow your earnings.","Ẹ n lẹ́ {first}. Ṣẹ̀dá àwọn àwòṣe àti fọ́ńtì, fi wọ́n ránṣẹ́, kí o sì ṣe àmójútó owó tí o rí.","Sannu {first}. Ƙirƙiri samfuri da font, ka aika su, ka bi diddigin kuɗin shigarka.","Nnọọ {first}. Mepụta template na font, bunye ha, ma soro ego ị rụpụtara.","src/components/creator/views.tsx:62"
"Hide password","Masquer le mot de passe","Hide password","Fi ọ̀rọ̀ aṣínà pamọ́","Ɓoye kalmar sirri","zoo okwuntughe","src/components/auth/parts.tsx:47"
"Hide the menus","Masquer les menus","Hide the menus","Fi àwọn mẹ́nù pamọ́","Ɓoye menus","Zonari menu","src/components/docs/Toolbar.tsx:222"
"Hide this for now","Masquer pour l'instant","Hide this for now","Fi èyí pamọ́ fún ìsinsìnyí","Ɓoye wannan a yanzu","Zoo nke a ugbu a","src/components/student/StudentView.tsx:223"
"Highlight","Surligner","Highlight","Ṣàmì sí","Haska","Mee ka o pụta ìhè","src/components/editor/DocCanvas.tsx:70 src/components/docs/DocsEditor.tsx:717"
"Highlight colour","Couleur de surlignage","Highlight colour","Àwọ̀ àfihàn","Launin haskakawa","Agba mkpọpụta","src/components/docs/Toolbar.tsx:139 src/components/docs/Toolbar.tsx:140"
"History","Historique","History","Ìtàn","Tarihi","Akụkọ","src/components/creator/views.tsx:286"
"Home","Accueil","Home","Ilé","Gida","Ụlọ","src/components/design/data.ts:125"
"Horizontal line","Ligne horizontale","Horizontal line","Ìlà àtẹ́rígbà","Layi a kwance","Eriri kwụ ọtọ","src/components/docs/menus.ts:134"
"How do I get paid?","Comment suis-je payé ?","How I go take collect my money?","Báwo ni mo ṣe máa gba owó mi?","Ta yaya zan karɓi kuɗina?","Kedu ka m ga-esi nweta ụgwọ?","src/data/creators.ts:121"
"How long does review take?","Combien de temps dure l'examen ?","How long review dey take?","Báwo ni àyẹ̀wò ṣe máa gba tó?","Har yaushe dubawa ke ɗauka?","Ogologo oge ole ka nlele na-ewe?","src/data/creators.ts:120"
"How payouts work","Comment fonctionnent les versements","How payouts dey work","Bí ìsanwó ṣe ń ṣiṣẹ́","Yadda biyan kuɗi ke aiki","Otu ịkwụ ụgwọ si arụ ọrụ","src/components/creator/views.tsx:307"
"I agree that Ifiok may verify my NIN, BVN and bank account with its verification partner to confirm my identity for creator payouts.","J'accepte qu'Ifiok vérifie mon NIN, mon BVN et mon compte bancaire auprès de son partenaire de vérification afin de confirmer mon identité pour les versements aux créateurs.","I agree say Ifiok fit verify my NIN, BVN and bank account with im verification partner to confirm who I be for creator payouts.","Mo gbà pé Ifiok lè fìdí NIN, BVN àti àkáǹtì báńkì mi múlẹ̀ pẹ̀lú alábàáṣiṣẹ́pọ̀ rẹ̀ lórí ìfìdímúlẹ̀, láti jẹ́rìí ẹni tí mo jẹ́ fún ìsanwó olùṣẹ̀dá.","Na yarda Ifiok ta tabbatar da NIN, BVN da asusun bankina ta abokin aikinta na tabbatarwa don tabbatar da shaidata don biyan kuɗin masu ƙirƙira.","Ekwenyere m ka Ifiok kwado NIN m, BVN m na akaụntụ banki m site n'onye mmekọ nkwado ya iji gosipụta onye m bụ maka ịkwụ ụgwọ onye okike.","src/components/creator/views.tsx:260"
"I agree to the","J'accepte les","I agree to di","Mo gbà pẹ̀lú","Na amince da","Ana m ekwenye na","src/components/auth/SignupForm.tsx:126"
"I am a student","Je suis étudiant","I be student","Akẹ́kọ̀ọ́ ni mí","Ni ɗalibi ne","Abụ m nwa akwụkwọ","src/components/auth/SignupForm.tsx:14"
"I am not in Nigeria. Can I join?","Je ne suis pas au Nigeria. Puis-je participer ?","I no dey Nigeria. I fit join?","Mi ò sí ní Nàìjíríà. Ṣé mo lè darapọ̀?","Ba ni a Najeriya. Zan iya shiga?","Anọghị m n'Naịjirịa. M nwere ike isonye?","src/data/creators.ts:124"
"I am writing to apply for the position. I would welcome the chance to talk about how I can help your team.","Je vous écris pour postuler à ce poste. Je serais ravi(e) de vous exposer comment je peux aider votre équipe.","I dey write to apply for the position. I go happy if I get chance to talk about how I fit help your team.","Mo kọ ìwé yìí láti béèrè fún ipò náà. Inú mi yóò dùn láti ní àǹfààní láti sọ bí mo ṣe lè ran ẹgbẹ́ yín lọ́wọ́.","Ina rubuto wannan wasiƙa don neman aikin. Zan yi maraba da damar yin magana kan yadda zan taimaki ƙungiyarku.","Ana m ede akwụkwọ a iji rịọ maka ọkwa ahụ. Ọ ga-adị m mma ohere ikwu otú m ga-esi nyere otu gị aka.","src/components/docs/content.ts:27"
"I confirm I am a current student and that Ifiok may check my ID. Verification lasts up to a year, then I apply again.","Je confirme être actuellement étudiant et qu'Ifiok peut vérifier ma carte. La vérification dure jusqu'à un an, puis je refais la demande.","I confirm say I be student now and say Ifiok fit check my ID. Verification go last one year at most, then I go apply again.","Mo jẹ́rìí pé akẹ́kọ̀ọ́ lọ́wọ́lọ́wọ́ ni mí àti pé Ifiok lè yẹ ìdánimọ̀ mi wò. Ìfìdímúlẹ̀ náà wà títí di ọdún kan, lẹ́yìn náà ni èmi yóò tún béèrè.","Na tabbatar ina ɗalibi a yanzu kuma Ifiok na iya duba katina. Tabbatarwa na ɗaukar har shekara ɗaya, sai in sake nema.","Ana m ekwenye na m bụ nwa akwụkwọ ugbu a na Ifiok nwere ike ilele ID m. Nkwenye na-adịru ruo otu afọ, mgbe ahụ m ga-etinyeghachi akwụkwọ.","src/components/student/StudentView.tsx:131"
"I confirm this is true. I understand Ifiok may remove a font if this turns out to be wrong.","Je confirme que c'est vrai. Je comprends qu'Ifiok peut retirer une police si cela s'avère faux.","I confirm say na true. I understand say Ifiok fit remove font if e turn out say no be so.","Mo jẹ́rìí pé òtítọ́ ni èyí. Mo mọ̀ pé Ifiok lè yọ fọ́ńtì kúrò tí ó bá jẹ́ pé irọ́ ni.","Na tabbatar wannan gaskiya ne. Na fahimci cewa Ifiok na iya cire font idan aka gano ba daidai ba ne.","Ana m ekwenye na nke a bụ eziokwu. Aghọtara m na Ifiok nwere ike iwepụ font ma ọ bụrụ na ọ bụghị eziokwu.","src/components/fonts/FontStudio.tsx:208"
"I drew the letters myself or with my team.","J'ai dessiné les lettres moi-même ou avec mon équipe.","I draw the letters myself or with my team.","Èmi fúnra mi ni mo yà àwọn lẹ́tà náà, tàbí pẹ̀lú ẹgbẹ́ mi.","Ni da kaina ko tare da ƙungiyata muka zana haruffan.","Mụ onwe m ma ọ bụ otu m nwere dere mkpụrụedemede ndị a.","src/components/fonts/FontStudio.tsx:203"
"ID · 0001","ID · 0001","ID · 0001","Ìdánimọ̀ · 0001","ID · 0001","ID · 0001","src/components/design/data.ts:95"
"ID card","Carte d'identité","ID card","Káàdì ìdánimọ̀","Katin shaida","Kaadị ID","src/components/design/data.ts:22 src/components/design/data.ts:170 src/data/creator-app.ts:15"
"ID photo","Photo de la carte","ID photo","Fọ́tò ìdánimọ̀","Hoton katin shaida","Foto ID","src/components/student/StudentView.tsx:129"
"If {email} has an Ifiok account, a reset link is on its way. It works for 30 minutes.","Si {email} correspond à un compte Ifiok, un lien de réinitialisation est en route. Il est valable 30 minutes.","If {email} get Ifiok account, reset link don dey come. E go work for 30 minutes.","Tí {email} bá ní àkáǹtì Ifiok, ìjápọ̀ ìtúntò ti wà lójú ọ̀nà. Ó ṣiṣẹ́ fún ìṣẹ́jú 30.","Idan {email} yana da asusun Ifiok, hanyar haɗin sake saiti tana kan hanya. Tana aiki na mintuna 30.","Ọ bụrụ na {email} nwere akaụntụ Ifiok, njikọ nrụgharị na-abịa. Ọ ga-arụ ọrụ nkeji 30.","src/components/auth/LoginForm.tsx:76"
"If a letter looks different from the rest, or shows as a box, this font does not include it.","Si une lettre paraît différente des autres, ou s'affiche comme un carré, cette police ne la contient pas.","If one letter look different from the rest, or e show as box, e mean say this font no get am.","Tí lẹ́tà kan bá yàtọ̀ sí àwọn yòókù, tàbí tó hàn bí àpótí, fọ́ńtì yìí kò ní in.","Idan harafi ya bambanta da sauran, ko ya fito a matsayin akwati, wannan font bai ƙunshe shi ba.","Ọ bụrụ na mkpụrụedemede dị iche n’ndị ọzọ, ma ọ bụ gosiri dịka igbe, font a enweghị ya.","src/components/fonts/FontsView.tsx:105"
"Ifiok apps","Applis Ifiok","Ifiok apps","Àwọn app Ifiok","Manhajojin Ifiok","Ngwa Ifiok","src/components/AppsMenu.tsx:46 src/components/AppsMenu.tsx:51 src/components/AppsMenu.tsx:52"
"Ifiok decides what is included. The list may grow, and some perks are still on the way.","Ifiok décide de ce qui est inclus. La liste peut s'allonger, et certains avantages arrivent bientôt.","Ifiok dey decide wetin dey inside. The list fit grow, and some perks still dey come.","Ifiok ló ń pinnu ohun tí ó wà níbẹ̀. Àtòjọ náà lè gùn sí i, àwọn àǹfààní kan sì ṣì ń bọ̀.","Ifiok ce ke yanke abin da ke ciki. Jerin na iya ƙaruwa, kuma wasu fa’idodi na nan tafe.","Ifiok na-ekpebi ihe dị n’ime ya. Ndepụta a nwere ike ịba ụba, ma uru ụfọdụ ka na-abịa.","src/components/student/StudentView.tsx:194"
"Ifiok Designs","Ifiok Designs","Ifiok Designs","Ifiok Designs","Ifiok Designs","Ifiok Designs","src/data/apps.ts:57"
"Ifiok Docs","Ifiok Docs","Ifiok Docs","Ifiok Docs","Ifiok Docs","Ifiok Docs","src/components/design/views.tsx:112 src/components/design/overlays.tsx:203 src/data/apps.ts:70"
"Ifiok Docs document","Document Ifiok Docs","Ifiok Docs document","Ìwé Ifiok Docs","Takardar Ifiok Docs","Akwụkwọ Ifiok Docs","src/components/docs/Dialogs.tsx:219"
"Ifiok Docs help","Aide d'Ifiok Docs","Ifiok Docs help","Ìrànlọ́wọ́ Ifiok Docs","Taimakon Ifiok Docs","Enyemaka Ifiok Docs","src/components/docs/menus.ts:246"
"Ifiok does not print your file. {name} prints it, and Ifiok holds your payment until you confirm you received it.","Ifiok n'imprime pas votre fichier. {name} l'imprime, et Ifiok conserve votre paiement jusqu'à ce que vous confirmiez l'avoir reçu.","Ifiok no dey print your file. {name} na im go print am, and Ifiok go hold your payment until you confirm say you don receive am.","Ifiok kì í tẹ fáìlì rẹ. {name} ni yóò tẹ̀ ẹ́, Ifiok sì máa dúró de owó ìsanwó rẹ títí o fi jẹ́rìí pé o ti gbà á.","Ifiok ba ya buga fayil ɗinka. {name} ne yake bugawa, kuma Ifiok yana riƙe kuɗinka har sai ka tabbatar ka karɓa.","Ifiok anaghị ebipụta faịlụ gị. {name} na-ebipụta ya, Ifiok na-ejide ịkwụ ụgwọ gị ruo mgbe ị kwadoro na ị natara ya.","src/components/editor/SendToPrinter.tsx:110"
"Ifiok home","Accueil Ifiok","Ifiok home","Ojú-ìwé ilé Ifiok","Shafin farko na Ifiok","Ibe mbụ Ifiok","src/components/auth/AuthShell.tsx:18 src/components/auth/AuthShell.tsx:37"
"Ifiok makes approved fonts free for designers to use in their designs. We need to be sure you have the right to share this font.","Ifiok rend les polices approuvées gratuites pour les designers. Nous devons nous assurer que vous avez le droit de partager cette police.","Ifiok dey make approved fonts free for designers to use for their designs. We must sure say you get right to share this font.","Ifiok ń jẹ́ kí àwọn fọ́ńtì tí a fọwọ́ sí jẹ́ ọ̀fẹ́ fún àwọn oníṣẹ́ àwòrán láti lò nínú àwòrán wọn. A nílò láti rí i dájú pé o ní ẹ̀tọ́ láti pín fọ́ńtì yìí.","Ifiok na sa fonts da aka amince da su su zama kyauta ga masu zane don amfani a zanukansu. Muna buƙatar tabbatar cewa kana da ikon raba wannan font.","Ifiok na-eme ka font ndị e kwenyere dị n’efu ka ndị na-emepụta design jiri n’ime design ha. Anyị chọrọ ịmara na ị nwere ikike ikekọrịta font a.","src/components/fonts/FontStudio.tsx:199"
"Ifiok Market","Ifiok Market","Ifiok Market","Ifiok Market","Ifiok Market","Ifiok Market","src/components/docs/menus.ts:36 src/components/docs/menus.ts:118 src/data/apps.ts:44"
"Ifiok Market (print)","Ifiok Market (impression)","Ifiok Market (print)","Ifiok Market (títẹ̀wé)","Ifiok Market (ɗab’i)","Ifiok Market (mbipụta)","src/components/docs/menus.ts:234"
"Ifiok Partners","Ifiok Partners","Ifiok Partners","Ifiok Partners","Ifiok Partners","Ifiok Partners","src/data/apps.ts:96"
"Ifiok Printers","Ifiok Printers","Ifiok Printers","Ifiok Printers","Ifiok Printers","Ifiok Printers","src/data/apps.ts:83"
"Ifiok review","Vérification Ifiok","Ifiok review","Àyẹ̀wò Ifiok","Dubawar Ifiok","Nlele Ifiok","src/components/student/StudentView.tsx:180 src/data/student.ts:23"
"Ifiok reviewer","Examinateur Ifiok","Ifiok reviewer","Olùyẹ̀wò Ifiok","Mai duba na Ifiok","Onye nlele Ifiok","src/components/creator/dialogs.tsx:144 src/components/fonts/FontStudio.tsx:319"
"Ifiok Tools","Ifiok Tools","Ifiok Tools","Ifiok Tools","Ifiok Tools","Ifiok Tools","src/data/apps.ts:108"
"Ifiok Vigil","Ifiok Vigil","Ifiok Vigil","Ifiok Vigil","Ifiok Vigil","Ifiok Vigil","src/data/apps.ts:120"
"Igbo","Igbo","Igbo","Igbo","Igbo","Igbo","src/components/fonts/FontStudio.tsx:184 src/components/fonts/FontStudio.tsx:223 src/components/fonts/FontsView.tsx:102"
"Ikeja, Lagos","Ikeja, Lagos","Ikeja, Lagos","Ikeja, Èkó","Ikeja, Legas","Ikeja, Lagos","src/components/docs/DocsEditor.tsx:801"
"Image","Image","Image","Àwòrán","Hoto","Foto","src/components/docs/DocsEditor.tsx:735 src/components/docs/menus.ts:101"
"Image address","Adresse de l'image","Image address","Àdírẹ́sì àwòrán","Adireshin hoto","Adreesị foto","src/components/docs/Dialogs.tsx:130"
"Images are sharp enough to print","Les images sont assez nettes pour être imprimées","Pictures clear well to print","Àwọn àwòrán mọ́ kedere tó láti tẹ̀","Hotuna sun yi kaifi da za a iya bugawa","Foto ndị ahụ doro anya ezuru ebipụta","src/components/design/overlays.tsx:134"
"In payout","En versement","Dey payout","Ó wà nínú ìsanwó","A cikin biyan kuɗi","Na ịkwụ ụgwọ","src/components/creator/views.tsx:302 src/components/creator/views.tsx:318 src/components/creator/views.tsx:329"
"In progress","En cours","Dey go on","Ó ń lọ lọ́wọ́","Ana yi","Na-aga n’ihu","src/components/design/views.tsx:244"
"In review","En cours d'examen","Dem dey check am","Ó wà ní àyẹ̀wò","Ana dubawa","Na nlele","src/components/creator/dialogs.tsx:114 src/components/creator/dialogs.tsx:159 src/components/creator/views.tsx:37"
"In the full editor Ifiok answers here and can apply the change to your selection. This is a preview.","Dans l'éditeur complet, Ifiok répond ici et peut appliquer la modification à votre sélection. Ceci est un aperçu.","For di full editor, Ifiok go answer here and fit apply di change to wetin you select. Dis na preview.","Nínú olùṣàtúnṣe kíkún, Ifiok yóò dáhùn níbí, ó sì lè lo àtúnṣe náà sórí ohun tí o yàn. Èyí jẹ́ àyẹ̀wò àkọ́kọ́.","A cikin cikakken edita Ifiok yana amsawa a nan kuma yana iya yin canjin a kan zaɓinka. Wannan samfoti ne.","N'ime editor zuru ezu, Ifiok na-azaghachi ebe a ma nwee ike itinye mgbanwe na ihe ị họrọ. Nke a bụ nlele ihu.","src/components/editor/EditorShell.tsx:207 src/components/docs/DocsEditor.tsx:644"
"Increase font size","Augmenter la taille de police","Increase font size","Pọ̀ si ìwọ̀n fọ́ńtì","Ƙara girman rubutu","Bawanye nha font","src/components/docs/Toolbar.tsx:128 src/components/docs/menus.ts:162"
"Increase indent","Augmenter le retrait","Increase indent","Pọ̀ si ìfàsẹ́yìn","Ƙara shigar layi","Bawanye mbanye","src/components/docs/Toolbar.tsx:206 src/components/docs/menus.ts:178"
"Insert","Insérer","Insert","Fi sí i","Saka","Tinye","src/components/docs/Dialogs.tsx:129 src/components/docs/menus.ts:99"
"Insert a block","Insérer un bloc","Insert block","Fi ìdí kan sí i","Saka toshe","Tinye mpempe","src/components/editor/DocCanvas.tsx:79 src/components/docs/DocsEditor.tsx:725"
"Insert a date","Insérer une date","Insert date","Fi ọjọ́ kan sí i","Saka kwanan wata","Tinye ụbọchị","src/components/docs/DocsEditor.tsx:802"
"Insert a file","Insérer un fichier","Insert file","Fi fáìlì kan sí i","Saka fayil","Tinye faịlụ","src/components/docs/DocsEditor.tsx:802"
"Insert a place","Insérer un lieu","Insert place","Fi ibi kan sí i","Saka wuri","Tinye ebe","src/components/docs/DocsEditor.tsx:802"
"Insert a verified printer","Insérer un imprimeur vérifié","Insert verified printer","Fi atẹ̀wé tí a ti fìdí rẹ̀ múlẹ̀ sí i","Saka tabbataccen mai ɗab’i","Tinye onye na-ebipụta e gosipụtara","src/components/docs/DocsEditor.tsx:802"
"Insert column left","Insérer une colonne à gauche","Insert column left","Fi òpó sí òsì","Saka ginshiƙi a hagu","Tinye kọlọm n’aka ekpe","src/components/docs/menus.ts:203"
"Insert column right","Insérer une colonne à droite","Insert column right","Fi òpó sí ọ̀tún","Saka ginshiƙi a dama","Tinye kọlọm n’aka nri","src/components/docs/menus.ts:203"
"Insert image","Insérer une image","Insert image","Fi àwòrán sí i","Saka hoto","Tinye foto","src/components/docs/Toolbar.tsx:148"
"Insert image from web address","Insérer une image depuis une adresse web","Insert image from web address","Fi àwòrán sí i láti àdírẹ́sì wẹ́ẹ̀bù","Saka hoto daga adireshin yanar gizo","Tinye foto site n’adreesị weebụ","src/components/docs/Dialogs.tsx:129"
"Insert link","Insérer un lien","Insert link","Fi ìjápọ̀ sí i","Saka mahaɗi","Tinye njikọ","src/components/docs/Toolbar.tsx:146 src/components/docs/Dialogs.tsx:116 src/components/docs/menus.ts:291"
"Insert row above","Insérer une ligne au-dessus","Insert row above","Fi ìlà sí òkè","Saka layi a sama","Tinye ahịrị n’elu","src/components/docs/menus.ts:202"
"Insert row below","Insérer une ligne en dessous","Insert row below","Fi ìlà sí ìsàlẹ̀","Saka layi a ƙasa","Tinye ahịrị n’okpuru","src/components/docs/menus.ts:202"
"Instagram post","Publication Instagram","Instagram post","Ìfìwéránṣẹ́ Instagram","Rubutun Instagram","Post Instagram","src/data/creator-app.ts:25"
"Instagram Quote Card","Carte citation Instagram","Instagram Quote Card","Káàdì Ọ̀rọ̀ Instagram","Katin Zance na Instagram","Kaadị Okwu Instagram","src/data/creator-app.ts:67 src/data/creator-app.ts:77"
"Invitation","Invitation","Invitation","Káàdì ìpè","Gayyata","Òkù","src/components/design/data.ts:29 src/data/creator-app.ts:17"
"Invite","Inviter","Invite","Pè","Gayyata","Kpọọ","src/components/editor/EditorShell.tsx:256 src/components/docs/Dialogs.tsx:176"
"Invite by email","Inviter par e-mail","Invite by email","Pè nípasẹ̀ ímeèlì","Gayyata ta imel","Kpọọ site na email","src/components/editor/EditorShell.tsx:256"
"Invite sent","Invitation envoyée","Invite don go","A ti fi ìpè ránṣẹ́","An aika gayyata","E zigala oku","src/components/docs/Dialogs.tsx:182"
"Invite sent to {email}","Invitation envoyée à {email}","Invite don go to {email}","A ti fi ìpè ránṣẹ́ sí {email}","An aika gayyata zuwa {email}","E zigara oku na {email}","src/components/editor/EditorShell.tsx:255 src/components/docs/Dialogs.tsx:173"
"Invoice","Facture","Invoice","Ìwé ìtọ́ka owó (Invoice)","Takardar neman kuɗi","Invọys","src/components/docs/content.ts:26 src/components/docs/content.ts:35 src/components/docs/content.ts:43"
"INVOICE","FACTURE","INVOICE","ÌWÉ ÀKÓJỌ OWÓ","TAKARDAR BUƘATAR BIYA","INVOYIS","src/components/design/data.ts:106"
"Invoice 0042","Facture 0042","Invoice 0042","Ìwé owó 0042","Lissafin kuɗi 0042","Invọịs 0042","src/components/docs/content.ts:50"
"INVOICE 0042","FACTURE 0042","INVOICE 0042","ÌWÉ ÀKÓJỌ OWÓ 0042","TAKARDAR BUƘATAR BIYA 0042","INVOYIS 0042","src/components/design/data.ts:69"
"Invoice in Naira","Facture en nairas","Invoice for Naira","Ìwé àkójọ owó ní náírà","Takardar buƙatar biya a Naira","Invoice n'ọnụ ahịa Naira","src/components/design/data.ts:106"
"It is open source, or the owner has given me written permission.","Elle est open source, ou son propriétaire m'a donné une autorisation écrite.","E be open source, or the owner don give me permission for writing.","Ó jẹ́ open source, tàbí olóhun ti fún mi ní ìyọ̀nda ní àkọsílẹ̀.","Open source ne, ko kuma mai shi ya ba ni izini a rubuce.","Ọ bụ open source, ma ọ bụ onye nwe ya enyela m ikike edere n’akwụkwọ.","src/components/fonts/FontStudio.tsx:203"
"Italic","Italique","Italic","Tẹ̀","Italic","Italic","src/components/editor/EditorShell.tsx:302 src/components/editor/DocCanvas.tsx:68 src/components/docs/DocsEditor.tsx:715"
"Item","Article","Item","Ohun kan","Kaya","Ihe","src/components/docs/content.ts:26"
"Items · Total · Bank details","Articles · Total · Coordonnées bancaires","Items · Total · Bank details","Àwọn ohun kan · Àpapọ̀ · Àlàyé báńkì","Kayayyaki · Jimla · Bayanan banki","Ihe · Ngụkọta · Nkọwa ụlọ akụ","src/components/design/data.ts:106"
"Join us","Rejoignez-nous","Come join us","Ẹ darapọ̀ mọ́ wa","Ku zo ku taya mu murna","Bịa soro anyị","src/components/design/data.ts:99"
"JPG, PNG or PDF, up to 5 MB","JPG, PNG ou PDF, jusqu'à 5 Mo","JPG, PNG or PDF, 5 MB at most","JPG, PNG tàbí PDF, tó 5 MB","JPG, PNG ko PDF, har 5 MB","JPG, PNG ma ọ bụ PDF, ruo 5 MB","src/components/student/StudentView.tsx:114"
"JPG, PNG or SVG","JPG, PNG ou SVG","JPG, PNG or SVG","JPG, PNG tàbí SVG","JPG, PNG ko SVG","JPG, PNG ma ọ bụ SVG","src/components/editor/EditorShell.tsx:152"
"Just now","À l'instant","Just now","Ní ìsinsìnyí","Yanzu-yanzu","Ugbu a","src/components/design/DesignApp.tsx:109 src/components/design/DesignApp.tsx:116 src/components/docs/Dialogs.tsx:219"
"Justified","Justifié","Justified","Ìtò ní ẹ̀gbẹ́ méjèèjì","Daidaita gefe biyu","Nhaanya","src/components/docs/menus.ts:176"
"Keep going","Continuez","Keep going","Máa tẹ̀síwájú","Ci gaba da ƙoƙari","Gaa n'ihu","src/data/creator-app.ts:67"
"Keep me logged in on this device","Me garder connecté sur cet appareil","Keep me logged in for this device","Jẹ́ kí n wà ní ìwọlé lórí ẹ̀rọ yìí","Bar ni a shiga a wannan na’ura","Hapụ m ka m banye n'ngwa a","src/components/auth/LoginForm.tsx:56"
"Keep track of your Android devices and raise the alarm.","Suivez vos appareils Android et déclenchez l'alarme.","Dey track your Android devices and raise alarm.","Tọpa àwọn ẹ̀rọ Android rẹ kí o sì ké ìró ìdágìrì.","Bi diddigin na’urorin Android ɗinka ka kuma ɗaga ƙararrawa.","Soro ngwaọrụ Android gị ma bee mkpu ma ọ dị mkpa.","src/data/apps.ts:124"
"Keep your logos, colours and fonts in one kit, then apply them to any design in a tap.","Réunissez vos logos, couleurs et polices dans un kit, puis appliquez-les à n'importe quel design d'un geste.","Keep your logos, colours and fonts for one kit, then use dem for any design with one tap.","Kó lògó, àwọ̀ àti fọ́ńtì rẹ pọ̀ sí àpò kan, lẹ́yìn náà lò wọ́n lórí àwòrán èyíkéyìí pẹ̀lú ìfọwọ́kàn kan.","Ajiye tambarinka, launuka da font ɗinka a kit ɗaya, sannan ka yi amfani da su a kowane zane da dannawa ɗaya.","Debe logo, agba na font gị n’otu kit, ma tinye ha na design ọ bụla site n’otu mkpa aka.","src/components/design/data.ts:130"
"Keyboard shortcuts","Raccourcis clavier","Keyboard shortcuts","Àwọn ọ̀nà abuja bọ́tìnì","Gajerun hanyoyin allon maɓalli","Ụzọ mkpirisi keyboard","src/components/docs/Dialogs.tsx:154 src/components/docs/menus.ts:251"
"Kind regards","Cordialement","Kind regards","Pẹ̀lú ọ̀wọ̀","Gaisuwa mai daɗi","Ekele m","src/components/docs/content.ts:24"
"Lagos · 2026","Lagos · 2026","Lagos · 2026","Lagos · 2026","Lagos · 2026","Lagos · 2026","src/data/creator-app.ts:65"
"Lamination","Pelliculage","Lamination","Ìdáàbòbò dídán","Lamineshin","Mkpuchi laminet","src/components/editor/data.ts:101"
"Landscape","Paysage","Landscape","Ìdúró lébìrìn","A kwance","Obosara","src/components/docs/Dialogs.tsx:91"
"Language","Langue","Language","Èdè","Harshe","Asụsụ","src/components/editor/EditorShell.tsx:271 src/components/docs/DocsEditor.tsx:524 src/components/LangMenu.tsx:30"
"Last edited","Dernière modification","Last edit","Ìṣàtúnṣe gbẹ̀yìn","Gyaran ƙarshe","E degharịrị ikpeazụ","src/components/docs/Dialogs.tsx:219"
"Last month","Le mois dernier","Last month","Oṣù tó kọjá","Watan da ya gabata","Ọnwa gara aga","src/components/design/data.ts:68"
"Last week","La semaine dernière","Last week","Ọ̀sẹ̀ tó kọjá","Makon da ya gabata","Izu gara aga","src/components/design/data.ts:65 src/components/design/data.ts:71"
"Layout","Affichage","Layout","Ìṣètò","Tsari","Nhazi","src/components/design/views.tsx:179 src/components/creator/views.tsx:146"
"Left","Gauche","Left","Òsì","Hagu","Aka ekpe","src/components/docs/Dialogs.tsx:102 src/components/docs/menus.ts:175"
"Left margin","Marge gauche","Left margin","Ìhà òsì","Gefen hagu","Ọnụ aka ekpe","src/components/docs/Ruler.tsx:38"
"Legal","Légal","Legal","Legal","Legal","Legal","src/components/docs/content.ts:74"
"Letter","Lettre","Letter","Letter","Letter","Letter","src/components/docs/content.ts:73"
"Letterhead","Papier à en-tête","Letterhead","Bébà orí lẹ́tà ilé iṣẹ́","Takardar kamfani mai kai","Letterhead","src/components/design/data.ts:23 src/components/design/data.ts:171"
"Lettering poster","Affiche de lettrage","Lettering poster","Pósítà lẹ́tà kíkọ","Fosta na rubutun ado","Posta ide mkpụrụedemede","src/data/creator-app.ts:36"
"Level","Niveau","Level","Ipele","Mataki","Ọkwa","src/components/student/StudentView.tsx:100"
"Licence","Licence","Licence","Ìwé àṣẹ","Lasisi","Ikike iji","src/components/fonts/FontStudio.tsx:32 src/components/fonts/FontStudio.tsx:200 src/components/fonts/FontStudio.tsx:224"
"Light","Léger","Light","Fẹ́lẹ́rẹ́","Light","Light","src/components/fonts/FontStudio.tsx:11 src/data/fonts.ts:7"
"Line","Ligne","Line","Ìlà","Layi","Ahịrị","src/components/docs/menus.ts:127 src/components/editor/data.ts:56"
"Line and paragraph spacing","Interligne et espacement des paragraphes","Line and paragraph spacing","Àlàfo ìlà àti ìpínrọ̀","Tazarar layi da sakin layi","Oghere ahịrị na paragraf","src/components/docs/Toolbar.tsx:163 src/components/docs/menus.ts:182"
"Link","Lien","Link","Ìjápọ̀","Hanyar haɗi","Njikọ","src/components/editor/EditorShell.tsx:253 src/components/editor/DocCanvas.tsx:71 src/components/docs/DocsEditor.tsx:718"
"Link address","Adresse du lien","Link address","Àdírẹ́sì ìjápọ̀","Adireshin hanyar haɗi","Adreesị njikọ","src/components/editor/DocCanvas.tsx:71 src/components/docs/Dialogs.tsx:119"
"Link copied","Lien copié","Link don copy","A ti dà ìjápọ̀ kọ","An kwafi hanyar haɗi","E detuola njikọ","src/components/editor/EditorShell.tsx:253 src/components/docs/Dialogs.tsx:172"
"Link pages","Pages de liens","Link pages","Àwọn ojú-ìwé ìsopọ̀","Shafukan hanyoyin haɗi","Peeji njikọ","src/components/design/data.ts:135"
"List","Liste","List","Àtòjọ","Jeri","Ndepụta","src/components/design/views.tsx:181 src/components/creator/views.tsx:148"
"List the fonts you used.","Indiquez les polices utilisées.","Write the fonts wey you use.","Kọ àwọn fọ́ńtì tí o lò sílẹ̀.","Rubuta font ɗin da ka yi amfani da su.","Depụta font ndị ị jiri.","src/components/creator/dialogs.tsx:108"
"List the fonts you used. Only use fonts you are allowed to share.","Indiquez les polices utilisées. N'utilisez que des polices que vous avez le droit de partager.","Write the fonts wey you use. Use only fonts wey dem allow you to share.","Kọ àwọn fọ́ńtì tí o lò sílẹ̀. Lo àwọn fọ́ńtì tí a gbà ọ́ láàyè láti pín nìkan.","Rubuta font ɗin da ka yi amfani da su. Yi amfani da font ɗin da aka yarda ka raba kawai.","Depụta font ndị ị jiri. Jiri naanị font ndị e kwere ka ị kesaa.","src/components/creator/dialogs.tsx:25"
"Listening…","Écoute…","Dey listen…","Ń gbọ́…","Ana saurare…","Na-ege ntị…","src/components/docs/DocsEditor.tsx:689"
"Listening… speak now.","Écoute… parlez maintenant.","Dey listen… talk now.","Ń gbọ́… sọ̀rọ̀ báyìí.","Ana saurare… yi magana yanzu.","Na-ege ntị… kwuo ugbu a.","src/components/docs/DocsEditor.tsx:356"
"Live for designers","Disponible pour les designers","Don live for designers","Ó ti wà fún àwọn oníṣẹ́ àwòrán","Yana nan ga masu zane","Dị ndụ maka ndị na-emepụta design","src/components/fonts/FontStudio.tsx:322"
"LIVE NIGHT","SOIRÉE LIVE","LIVE NIGHT","ALẸ́ LÁÀYÈ","DAREN KIDA NA GASKE","ABALỊ EGWU ỌKỤ","src/components/design/data.ts:94"
"Lock","Verrouiller","Lock","Tì","Kulle","Mkpọchi","src/components/editor/DesignCanvas.tsx:158"
"Log in","Se connecter","Log in","Wọlé","Shiga","Banye","src/components/auth/LoginForm.tsx:57 src/components/auth/SignupForm.tsx:131"
"Log in to your designs, orders and earnings.","Connectez-vous pour retrouver vos créations, commandes et gains.","Log in to see your designs, orders and earnings.","Wọlé sí àwọn àwòrán, àṣẹ àti owó tí o rí.","Shiga don ganin zanenku, odarku da kuɗin da kuka samu.","Banye iji hụ design gị, iwu gị na ego i nwetara.","src/components/auth/LoginForm.tsx:50"
"Logging in…","Connexion…","We dey log you in…","Ó ń wọlé…","Ana shiga…","Na-abanye…","src/components/auth/LoginForm.tsx:57"
"Logistics · Lagos","Logistique · Lagos","Logistics · Lagos","Ìkó ẹrù · Lagos","Jigilar Kaya · Lagos","Nnyefe Ngwongwo · Lagos","src/components/design/data.ts:90"
"Logo","Logo","Logo","Lógò","Tambari","Logo","src/data/creator-app.ts:32"
"Look at each line. Tick a language only if every letter shows properly in your font.","Regardez chaque ligne. Cochez une langue uniquement si chaque lettre s'affiche correctement dans votre police.","Look each line. Tick language only if every letter show well for your font.","Wo ìlà kọ̀ọ̀kan. Ṣàmì sí èdè kan nìkan tí gbogbo lẹ́tà bá hàn dáadáa nínú fọ́ńtì rẹ.","Duba kowane layi. Yi alama a harshe ne kawai idan kowane harafi yana fitowa daidai a font ɗinka.","Lee ahịrị ọ bụla. Kaa akara n’asụsụ naanị ma mkpụrụedemede niile na-egosi nke ọma n’ime font gị.","src/components/fonts/FontStudio.tsx:187"
"Looking up ""{word}"" in the dictionary…","Recherche de « {word} » dans le dictionnaire…","Dey look ""{word}"" for dictionary…","Ń wá ""{word}"" nínú atúmọ̀ èdè…","Ana neman ""{word}"" a cikin ƙamus…","Na-achọ ""{word}"" n’akwụkwọ ọkọwa okwu…","src/components/docs/DocsEditor.tsx:335"
"Loose pages","Pages libres","Loose pages","Ojú-ìwé aláìdè","Shafuka mabambanta","Peeji ndị a na-ejighị ya","src/components/editor/data.ts:109"
"Low-resolution images","Images basse résolution","Low-resolution images","Àwọn àwòrán tí kò mọ́ kedere","Hotuna marasa ƙarfin bayyana","Onyonyo nke resolushọn dị ala","src/data/creators.ts:101"
"Lowercase","Minuscules","Lowercase","Lẹ́tà kékeré","Ƙananan haruffa","Mkpụrụedemede nta","src/components/docs/menus.ts:163"
"Main","Principal","Main","Àkọ́kọ́","Babba","Isi","src/components/design/DesignApp.tsx:238"
"Make 50 ID cards from a sheet","Créez 50 cartes d'identité à partir d'une feuille","Make 50 ID cards from one sheet","Ṣe káàdì ìdánimọ̀ 50 láti inú ìwé kan","Yi katin shaida 50 daga takarda ɗaya","Mee kaadị njirimara 50 site na mpempe akwụkwọ","src/components/editor/EditorShell.tsx:180"
"Make a copy","Créer une copie","Make copy","Ṣe ẹ̀dà kan","Yi kwafi","Mepụta nsụgharị","src/components/docs/menus.ts:22"
"Make available offline","Rendre disponible hors connexion","Make am work offline","Jẹ́ kí ó wà láìsí íńtánẹ́ẹ̀tì","Samar da shi ba tare da intanet ba","Mee ka o dị n’ejighị ịntanetị","src/components/docs/menus.ts:42"
"Make cards, flyers, ID cards and posters at real print size, then send them to a verified printer around you.","Créez des cartes, flyers, cartes d'identité et affiches à la taille réelle d'impression, puis envoyez-les à un imprimeur vérifié près de chez vous.","Make cards, flyers, ID cards and posters for correct print size, then send dem go verified printer wey dey around you.","Ṣe káàdì, ìwé ìpolówó, káàdì ìdánimọ̀ àti páńpẹ́ẹ̀rì ní ìwọ̀n ìtẹ̀wé gidi, lẹ́yìn náà fi wọ́n ránṣẹ́ sí atẹ̀wé tí a ti ṣàyẹ̀wò ní àyíká rẹ.","Yi katuna, takardun talla, katin shaida da fosta a ainihin girman ɗab’i, sannan ku tura su ga ingantaccen mai bugawa kusa da ku.","Mee kaadi, flaịa, kaadi ID na posta n'ogo mbipụta ezi, maziga ha onye na-ebipụta e gosipụtara nọ nso gị.","src/components/auth/AuthShell.tsx:21"
"Make it more formal","Rendre plus formel","Make am more formal","Jẹ́ kí ó túbọ̀ jẹ́ ti ìjọba","Mai da shi na hukuma","Mee ya ka ọ bụrụ nke ọkwa karịa","src/components/docs/content.ts:71"
"Make it shorter","Raccourcir","Make am shorter","Jẹ́ kí ó kúrú sí i","Taƙaita shi","Mee ka o dị mkpụmkpụ","src/components/editor/EditorShell.tsx:34 src/components/docs/content.ts:71"
"Make templates","Créer des modèles","Make templates","Ṣe àwòṣe","Yi samfura","Mee template","src/components/auth/SignupForm.tsx:15"
"Make templates for Ifiok. If the team approves one, you are paid.","Créez des modèles pour Ifiok. Si l'équipe en approuve un, vous êtes payé.","Make templates for Ifiok. If the team approve one, dem go pay you.","Ṣẹ̀dá àwọn àwòṣe fún Ifiok. Tí ẹgbẹ́ bá fọwọ́ sí ọ̀kan, a ó sanwó fún ọ.","Ƙirƙiri samfuri wa Ifiok. Idan ƙungiyar ta amince da ɗaya, za a biya ka.","Mepụta template maka Ifiok. Ọ bụrụ na ndị otu kwenyere na otu, a ga-akwụ gị ụgwọ.","src/data/student.ts:12"
"Mama Tolu Stores","Mama Tolu Stores","Mama Tolu Stores","Mama Tolu Stores","Mama Tolu Stores","Mama Tolu Stores","src/components/design/data.ts:67"
"Mama Tolu Stores — receipt book","Mama Tolu Stores — carnet de reçus","Mama Tolu Stores — receipt book","Mama Tolu Stores — ìwé ìgbàwọlé owó","Mama Tolu Stores — littafin rasit","Mama Tolu Stores — akwụkwọ risiit","src/components/design/data.ts:67 src/components/design/data.ts:120"
"Margins (inches)","Marges (pouces)","Margins (inches)","Ìhà ojú-ìwé (íǹṣì)","Gefuna (inci)","Ọnụ peeji (inchi)","src/components/docs/Dialogs.tsx:97"
"Margins are 20 mm","Les marges font 20 mm","Margins na 20 mm","Àlàfo etí jẹ́ 20 mm","Gefuna mm 20 ne","Nsọtụ bụ 20 mm","src/components/editor/EditorShell.tsx:89"
"Margins are safe to print","Les marges sont adaptées à l'impression","Margins safe to print","Àwọn ìhà ojú-ìwé dára fún títẹ̀wé","Gefuna lafiya don ɗab’i","Ọnụ peeji dị mma ibipụta","src/components/docs/DocsEditor.tsx:176"
"Margins are under 12 mm","Les marges font moins de 12 mm","Margins dey under 12 mm","Àwọn ìhà ojú-ìwé kò tó 12 mm","Gefuna ba su kai 12 mm ba","Ọnụ peeji erughị 12 mm","src/components/docs/DocsEditor.tsx:176"
"Margins stay inside the print area","Les marges restent dans la zone d'impression","Margins dey inside the print area","Àwọn etí ojú ìwé wà nínú àgbègbè ìtẹ̀wé","Gefuna suna cikin yankin bugawa","Ọnụ akwụkwọ nọgide n'ime ebe a ga-ebipụta","src/components/design/overlays.tsx:133"
"Markdown (.md)","Markdown (.md)","Markdown (.md)","Markdown (.md)","Markdown (.md)","Markdown (.md)","src/components/docs/menus.ts:32"
"Marked as paid (prototype).","Marqué comme payé (prototype).","Dem mark am as paid (prototype).","A ṣàmì sí i bí èyí tí a ti san (àyẹ̀wò àkọ́kọ́).","An yi masa alamar an biya (samfurin gwaji).","E depụtara dị ka a kwụrụ ụgwọ (prototype).","src/components/creator/store.tsx:176"
"Market","Market","Market","Market","Market","Market","src/data/apps.ts:45"
"Marketing","Marketing","Marketing","Ìpolówó","Tallace-tallace","Mgbasa ahịa","src/components/design/data.ts:76 src/components/design/data.ts:84 src/components/design/data.ts:85"
"Match case","Respecter la casse","Match case","Báramu lẹ́tà ńlá àti kékeré","Daidaita manya da ƙananan haruffa","Kwekọọ mkpụrụedemede","src/components/docs/Dialogs.tsx:62"
"Maths","Maths","Maths","Ìṣirò","Lissafi","Mgbakọ na mwepụ","src/components/docs/menus.ts:285"
"Matric no.","N° matricule","Matric no.","Nọ́ńbà ìforúkọsílẹ̀","Lambar ɗalibi","Nọmba matric","src/components/design/data.ts:96"
"Matric number","Numéro matricule","Matric number","Nọ́ńbà ìforúkọsílẹ̀","Lambar ɗalibi","Nọmba matric","src/components/student/StudentView.tsx:128"
"Matric or student ID number","Numéro matricule ou d'étudiant","Matric or student ID number","Nọ́ńbà ìforúkọsílẹ̀ tàbí ìdánimọ̀ akẹ́kọ̀ọ́","Lambar ɗalibi ko ta katin shaida","Nọmba matric ma ọ bụ ID nwa akwụkwọ","src/components/student/StudentView.tsx:110"
"Matters arising","Suites à donner","Matters arising","Àwọn ọ̀rọ̀ tó yọjú","Batutuwan da suka taso","Okwu ndị bilitere","src/components/docs/content.ts:28"
"Medium","Moyen","Medium","Àárín","Medium","Medium","src/components/fonts/FontStudio.tsx:11"
"Meeting minutes","Compte rendu de réunion","Meeting minutes","Àkọsílẹ̀ ìpàdé","Kundin taro","Ndetu nzukọ","src/components/design/data.ts:37 src/components/design/data.ts:108"
"Meeting Minutes","Compte rendu de réunion","Meeting Minutes","Àkọsílẹ̀ Ìpàdé","Kundin Taro","Ndetu Nzukọ","src/components/design/data.ts:108"
"Meeting notes","Notes de réunion","Meeting notes","Àkọsílẹ̀ ìpàdé","Bayanan taro","Ndetu ọgbakọ","src/components/docs/content.ts:23 src/components/docs/menus.ts:111"
"MEGA SALE","MÉGA SOLDES","MEGA SALE","ÌTÀJÚ ÀGBÀ","BABBAN TALLAFIN FARASHI","NNUKWU ỌNỤAHỊA DỊ ALA","src/components/editor/data.ts:35 src/components/design/data.ts:63 src/components/design/data.ts:85"
"Mega Sale — flex banner","Méga soldes — bannière flex","Mega Sale — flex banner","Ìtàjù Àgbà — bánà flex","Babban Tallafin Farashi — banar flex","Nnukwu Ọnụahịa Dị Ala — flex banner","src/components/design/data.ts:63 src/components/design/data.ts:118"
"Mega Sale Poster","Affiche méga soldes","Mega Sale Poster","Pósítà Títà Ńlá","Fostar Babban Rangwame","Postà Ahịa Mega","src/components/editor/data.ts:33 src/components/design/data.ts:85"
"Memo","Note de service","Memo","Ìwé ìránnilétí","Sanarwar cikin gida","Memo","src/components/design/data.ts:38"
"MEMO","NOTE DE SERVICE","MEMO","ÌWÉ ÌRÁNNILÉTÍ","SANARWAR CIKIN GIDA","MEMO","src/components/design/data.ts:109"
"Mention a person","Mentionner une personne","Mention person","Dárúkọ ẹnìkan","Ambaci mutum","Kpọtụrụ onye aha","src/components/docs/DocsEditor.tsx:802"
"Menu","Menu","Menu","Mẹ́nù","Menu","Menu","src/components/design/DesignApp.tsx:202 src/components/docs/DocsEditor.tsx:502 src/components/docs/DocsEditor.tsx:813"
"Merge PDF","Fusionner des PDF","Merge PDF","Dá PDF pọ̀","Haɗa PDF","Jikọta PDF","src/components/design/data.ts:153"
"Merge PDFs","Fusionner des PDF","Merge PDFs","Darapọ̀ àwọn PDF","Haɗa PDF","Jikọta PDF","src/components/editor/EditorShell.tsx:33"
"Merge, split and compress PDFs, scan to PDF and make QR codes, right on your phone.","Fusionnez, divisez et compressez des PDF, numérisez en PDF et créez des QR codes, directement sur votre téléphone.","Merge, split and compress PDFs, scan to PDF and make QR codes, just for your phone.","Dà àwọn PDF pọ̀, pín wọn, dín wọn kù, ṣe scan sí PDF kí o sì ṣẹ̀dá kóòdù QR, ní tààrà lórí fóònù rẹ.","Haɗa, raba da matse PDF, duba takarda zuwa PDF da yin lambar QR, kai tsaye a wayarka.","Jikọta, kewaa ma pịa PDF ka ha dị nta, saịkan gaa PDF ma mee koodu QR, ozugbo na ekwentị gị.","src/data/student.ts:11"
"Microsoft Word (.doc)","Microsoft Word (.doc)","Microsoft Word (.doc)","Microsoft Word (.doc)","Microsoft Word (.doc)","Microsoft Word (.doc)","src/components/docs/menus.ts:29"
"Minutes of meeting","Compte rendu de réunion","Minutes of meeting","Ìwé ìgbìmọ̀ ìpàdé","Mintocin taro","Ndetu ọgbakọ","src/components/docs/content.ts:28 src/components/docs/content.ts:37 src/components/docs/content.ts:52"
"Mode","Mode","Mode","Ipò","Yanayi","Ọnọdụ","src/components/editor/EditorShell.tsx:312 src/components/docs/menus.ts:75"
"Moderate","Modérées","Moderate","Àárín gbùngbùn","Matsakaici","Etiti","src/components/docs/content.ts:76"
"Mon to Fri · Main Hall","Du lun. au ven. · Grande salle","Mon to Fri · Main Hall","Ọjọ́ Ajé sí Ọjọ́ Ẹtì · Gbọ̀ngàn Ńlá","Litinin zuwa Juma’a · Babban Zauren","Mọnde ruo Fraịdee · Nnukwu Ụlọ","src/components/design/data.ts:82"
"Mono","Mono","Mono","Mono","Mono","Mono","src/data/fonts.ts:6 src/data/fonts.ts:53"
"More","Plus","Add","Fi kún","Ƙara","Tinye","src/components/design/overlays.tsx:177 src/components/editor/EditorShell.tsx:25 src/components/editor/EditorShell.tsx:265"
"More fonts (Ifiok Fonts)","Plus de polices (Ifiok Fonts)","More fonts (Ifiok Fonts)","Fọ́ńtì púpọ̀ sí i (Ifiok Fonts)","Ƙarin fonts (Ifiok Fonts)","Font ndị ọzọ (Ifiok Fonts)","src/components/docs/Toolbar.tsx:120"
"More to come","D'autres à venir","More dey come","Àwọn míì ń bọ̀","Akwai ƙari nan gaba","Ọzọ na-abịa","src/data/apps.ts:143"
"Move to folder","Déplacer vers un dossier","Move to folder","Gbé lọ sínú fóldà","Mayar zuwa babban fayil","Bugara n’folda","src/components/docs/DocsEditor.tsx:496 src/components/docs/Dialogs.tsx:251 src/components/docs/menus.ts:38"
"Move to trash","Mettre à la corbeille","Move to trash","Gbé lọ sí àpótí ìdọ̀tí","Mayar zuwa shara","Bugara n’mkpofu","src/components/docs/DocsEditor.tsx:760 src/components/docs/menus.ts:39"
"Moved to {folder}","Déplacé vers {folder}","Don move am to {folder}","A ti gbé e lọ sí {folder}","An mayar zuwa {folder}","E bugara n’{folder}","src/components/docs/DocsEditor.tsx:759"
"Moved to trash","Mis à la corbeille","Don move am to trash","A ti gbé e lọ sí àpótí ìdọ̀tí","An mayar zuwa shara","E bugara n’mkpofu","src/components/docs/DocsEditor.tsx:760"
"My Creator Dashboard","Mon tableau de bord créateur","My Creator Dashboard","Pátákó Olùṣẹ̀dá Mi","Dashboard ɗina na Mai Ƙirƙira","Dashboard Onye Okike m","src/components/design/data.ts:181"
"My files","Mes fichiers","My files","Àwọn fáìlì mi","Fayilolina","Faịlụ m","src/components/design/views.tsx:167 src/components/design/data.ts:126"
"My fonts","Mes polices","My fonts","Àwọn fọ́ńtì mi","Fonts ɗina","Font m","src/components/fonts/FontStudio.tsx:255 src/components/design/data.ts:146"
"My orders","Mes commandes","My orders","Àwọn àṣẹ mi","Odar dina","Iwu m","src/components/design/views.tsx:287"
"My templates","Mes modèles","My templates","Àwọn àwòṣe mi","Samfuran nawa","Template m","src/components/creator/views.tsx:135 src/components/design/data.ts:145"
"N","N","N","N","N","N","src/components/design/overlays.tsx:202"
"Name","Nom","Name","Orúkọ","Suna","Aha","src/components/design/overlays.tsx:91 src/components/design/docsViews.tsx:50 src/components/docs/Dialogs.tsx:219"
"Name A to Z","Nom de A à Z","Name A to Z","Orúkọ A sí Z","Suna A zuwa Z","Aha A ruo Z","src/components/design/views.tsx:177"
"Naming Ceremony","Cérémonie de baptême","Naming Ceremony","Ìsọmọlórúkọ","Bikin Suna","Igu Aha","src/components/design/data.ts:93"
"Narrow","Étroites","Narrow","Há","Kunkuntar","Warara ewe","src/components/docs/content.ts:76"
"NCE","NCE","NCE","NCE","NCE","NCE","src/data/student.ts:26 src/data/creators.ts:129"
"ND / HND","ND / HND","ND / HND","ND / HND","ND / HND","ND / HND","src/data/student.ts:26 src/data/creators.ts:129"
"Near Yaba, Lagos","Près de Yaba, Lagos","Near Yaba, Lagos","Nítòsí Yaba, Lagos","Kusa da Yaba, Lagos","Nso Yaba, Lagos","src/components/editor/SendToPrinter.tsx:74"
"Nearest","Le plus proche","Nearest","Tó sún mọ́ jù","Mafi kusa","Kacha nso","src/components/editor/SendToPrinter.tsx:11"
"Needs your attention","À traiter de votre part","Dey need your attention","Ó nílò àfiyèsí rẹ","Na buƙatar hankalinka","Chọrọ nlebara anya gị","src/components/creator/views.tsx:75"
"New","Nouveau","New","Tuntun","Sabo","Ọhụrụ","src/components/design/DesignApp.tsx:192 src/components/design/DesignApp.tsx:242 src/components/design/DesignApp.tsx:248"
"New comment","Nouveau commentaire","New comment","Ọ̀rọ̀ àlàyé tuntun","Sabon bayani","Nkọwa ọhụrụ","src/components/editor/EditorShell.tsx:321"
"New design","Nouveau design","New design","Àwòrán tuntun","Sabon zane","Design ọhụrụ","src/components/design/overlays.tsx:65 src/components/design/overlays.tsx:202"
"New document","Nouveau document","New document","Ìwé àkọsílẹ̀ tuntun","Sabuwar takarda","Akwụkwọ ọhụrụ","src/components/design/views.tsx:112 src/components/design/overlays.tsx:203 src/components/design/docsViews.tsx:31"
"New font","Nouvelle police","New font","Fọ́ńtì tuntun","Sabon font","Font ọhụrụ","src/components/fonts/FontStudio.tsx:124 src/components/fonts/FontStudio.tsx:256 src/components/fonts/FontStudio.tsx:263"
"New page","Nouvelle page","New page","Ojú-ìwé tuntun","Sabon shafi","Peeji ọhụrụ","src/components/editor/EditorShell.tsx:364"
"New template","Nouveau modèle","New template","Àwòṣe tuntun","Sabon samfuri","Template ọhụrụ","src/components/creator/dialogs.tsx:32 src/components/creator/views.tsx:136"
"New to Ifiok?","Nouveau sur Ifiok ?","You be new for Ifiok?","Ṣé o jẹ́ tuntun ní Ifiok?","Sabo ne a Ifiok?","Ị bụ ọhụrụ na Ifiok?","src/components/auth/LoginForm.tsx:58"
"Newsletter","Lettre d'information","Newsletter","Ìwé ìròyìn","Wasiƙar labarai","Akwụkwọ ozi","src/components/design/data.ts:39 src/components/design/data.ts:110"
"Next match","Résultat suivant","Next match","Èyí tó báramu tó kàn","Wanda ya dace na gaba","Nke na-esote","src/components/docs/Dialogs.tsx:51"
"Next step","Étape suivante","Next step","Ìgbésẹ̀ tó kàn","Mataki na gaba","Nzọụkwụ ọzọ","src/components/creator/dialogs.tsx:174"
"Next steps","Prochaines étapes","Next steps","Àwọn ìgbésẹ̀ tó kàn","Matakai na gaba","Nzọụkwụ ndị na-esote","src/components/docs/content.ts:16"
"Nice layout. Approved.","Belle mise en page. Approuvé.","Layout fine. Dem approve am.","Ìṣètò tó dára. A fọwọ́ sí i.","Tsari mai kyau. An amince.","Nhazi mara mma. E kwenyere.","src/data/creator-app.ts:59"
"Nigerian letters","Lettres nigérianes","Nigerian letters","Àwọn lẹ́tà Nàìjíríà","Haruffan Najeriya","Akwụkwọ ozi Naịjirịa","src/components/docs/menus.ts:282"
"NIN","NIN","NIN","NIN","NIN","NIN","src/components/creator/views.tsx:257"
"No comments yet. Select some text and press the comment button.","Aucun commentaire pour l'instant. Sélectionnez du texte et appuyez sur le bouton de commentaire.","No comment yet. Select some text and press the comment button.","Kò sí ọ̀rọ̀ àlàyé kankan síbẹ̀. Yan ọ̀rọ̀ díẹ̀ kí o sì tẹ bọ́tìnì ọ̀rọ̀ àlàyé.","Babu sharhi tukuna. Zaɓi wani rubutu ka danna maɓallin sharhi.","Enweghị nkọwa ugbu a. Họrọ ederede ma pịa bọtịnụ nkọwa.","src/components/docs/DocsEditor.tsx:636"
"No designs yet. Pick a size above to start one.","Aucun design pour l'instant. Choisissez un format ci-dessus pour commencer.","No design yet. Pick size for up to start one.","Kò tíì sí àwòrán. Yan ìwọ̀n lókè láti bẹ̀rẹ̀ ọ̀kan.","Babu zane tukuna. Zaɓi girma a sama don fara ɗaya.","Enweghị design ọ bụla. Họrọ nha n’elu ka ị malite otu.","src/components/design/views.tsx:105"
"No documents yet.","Aucun document pour le moment.","No document dey yet.","Kò sí ìwé àkọsílẹ̀ kankan sí i.","Babu takardu tukuna.","Enweghị akwụkwọ ọ bụla ugbu a.","src/components/design/docsViews.tsx:107"
"No files match.","Aucun fichier ne correspond.","No file match.","Kò sí fáìlì tó bá a mu.","Babu fayil da ya dace.","Enweghị faịlụ kwekọrọ.","src/components/design/views.tsx:199"
"No finish","Sans finition","No finish","Kò sí ìparí iṣẹ́","Babu gama-gari","Enweghị mkpụchi","src/components/editor/data.ts:100"
"No fonts match.","Aucune police ne correspond.","No font match.","Kò sí fọ́ńtì tó bá a mu.","Babu font da ya dace.","Enweghị font kwekọrọ.","src/components/fonts/FontStudio.tsx:263 src/components/fonts/FontsView.tsx:53"
"No fonts yet.","Aucune police pour l'instant.","No font yet.","Kò tíì sí fọ́ńtì.","Babu font tukuna.","Enweghị font ọ bụla.","src/components/fonts/FontStudio.tsx:263"
"No low-resolution images","Aucune image basse résolution","No low-resolution images dey","Kò sí àwòrán tí ìmọ́lẹ̀ rẹ̀ kéré","Babu hotuna marasa inganci","Enweghị foto nwere ogo dị ala","src/components/editor/EditorShell.tsx:91"
"No matching menu items","Aucun élément de menu correspondant","No menu item match","Kò sí ohun mẹ́nù tó báramu","Babu abin menu da ya dace","Enweghị ihe menu kwekọrọ","src/components/docs/Dialogs.tsx:283"
"No page numbers","Sans numéros de page","No page numbers","Kò sí nọ́ńbà ojú-ìwé","Babu lambobin shafi","Enweghị ọnụọgụ peeji","src/components/docs/Dialogs.tsx:233 src/components/docs/menus.ts:149"
"No payouts yet.","Aucun versement pour l'instant.","No payout yet.","Kò tíì sí ìsanwó kankan.","Babu biyan kuɗi tukuna.","Ọ dịbeghị ịkwụ ụgwọ.","src/components/creator/views.tsx:348"
"No results","Aucun résultat","No result","Kò sí èsì","Babu sakamako","Enweghị nsonaazụ","src/components/docs/Dialogs.tsx:49"
"No templates match.","Aucun modèle ne correspond.","No template match.","Kò sí àwòṣe tó bá a mu.","Babu samfurin da ya dace.","Enweghị template kwekọrọ.","src/components/design/views.tsx:231 src/components/creator/views.tsx:159"
"No. ____","N° ____","No. ____","Nọ́ńbà ____","Lamba ____","Nọ. ____","src/components/design/data.ts:91 src/data/creator-app.ts:64"
"No. 0001","N° 0001","No. 0001","Nọ́ńbà 0001","Lamba 0001","Nọ. 0001","src/components/design/data.ts:67"
"No. The editor works on a phone, and many creators design entirely on one.","Non. L'éditeur fonctionne sur téléphone, et beaucoup de créateurs conçoivent entièrement sur le leur.","No. The editor dey work for phone, and plenty creators dey design everything with phone.","Rárá. Olùṣàtúnṣe náà ń ṣiṣẹ́ lórí fóònù, ọ̀pọ̀ olùṣẹ̀dá sì ń ṣe gbogbo àwòrán wọn lórí rẹ̀.","A’a. Editan yana aiki a waya, kuma masu ƙirƙira da yawa suna zane gaba ɗaya a waya.","Mba. Editọ na-arụ ọrụ na ekwentị, ọtụtụ ndị okike na-ese design kpam kpam na ya.","src/data/creators.ts:122"
"None","Aucun","None","Kò sí","Babu","Ọ dịghị","src/components/docs/Toolbar.tsx:140"
"None ticked","Aucune cochée","You no tick any","Kò sí èyí tí a ṣàmì sí","Ba a yi alama a kowanne ba","Ọ dịghị nke akara","src/components/fonts/FontStudio.tsx:223"
"Normal","Normales","Normal","Déédé","Na al’ada","Nkịtị","src/components/docs/content.ts:76"
"Normal text","Texte normal","Normal text","Ọ̀rọ̀ déédé","Rubutu na yau da kullum","Ederede nkịtị","src/components/editor/EditorShell.tsx:298 src/components/docs/menus.ts:168 src/components/docs/menus.ts:269"
"Not approve","Refuser","No approve","Má fọwọ́ sí i","Ƙi amincewa","Ekwenyeghị","src/components/creator/dialogs.tsx:166 src/components/fonts/FontStudio.tsx:326"
"Not approved","Non approuvée","Dem no approve am","A kò fọwọ́ sí i","Ba a amince ba","Ekwenyeghị","src/components/fonts/FontStudio.tsx:14 src/data/creator-app.ts:48"
"Not approved.","Non approuvé.","Dem no approve am.","A kò fọwọ́ sí i.","Ba a amince ba.","E kwenyeghị.","src/components/creator/store.tsx:128 src/components/creator/store.tsx:158"
"Not in the list? Keep typing the full name and we will use it.","Pas dans la liste ? Continuez à saisir le nom complet et nous l'utiliserons.","E no dey for the list? Just type the full name, we go use am.","Kò sí nínú àtòjọ? Tẹ̀síwájú láti tẹ orúkọ kíkún, a ó sì lò ó.","Ba ya cikin jerin? Ci gaba da rubuta cikakken suna, za mu yi amfani da shi.","Ọ nọghị n’ndepụta? Gaa n’ihu na-ede aha zuru ezu, anyị ga-eji ya.","src/components/student/StudentView.tsx:34"
"Not now","Pas maintenant","No now","Kì í ṣe báyìí","Ba yanzu ba","Ọ bụghị ugbu a","src/components/CreatorInvite.tsx:70"
"Not yet. Join the waitlist below and we will tell you when your country opens.","Pas encore. Rejoignez la liste d'attente ci-dessous et nous vous préviendrons de l'ouverture dans votre pays.","Not yet. Join the waitlist below and we go tell you when your country open.","Kò tíì ṣeé ṣe. Darapọ̀ mọ́ àtòjọ àwọn tó ń dúró ní ìsàlẹ̀, a ó sì sọ fún ọ nígbà tí orílẹ̀-èdè rẹ bá ṣí.","Ba tukuna ba. Shiga jerin masu jira da ke ƙasa za mu sanar da kai idan ƙasarka ta buɗe.","Ọ bụghị ugbu a. Sonye na ndepụta nchere dị n'okpuru, anyị ga-agwa gị mgbe obodo gị meghere.","src/data/creators.ts:124"
"Note for the reviewer (optional)","Note pour l'examinateur (facultatif)","Note for the reviewer (no be must)","Àkíyèsí fún olùyẹ̀wò (kì í ṣe dandan)","Saƙo ga mai dubawa (zaɓi)","Ndetu maka onye nlele (nhọrọ)","src/components/creator/dialogs.tsx:192 src/components/fonts/FontStudio.tsx:332"
"Nothing arrived?","Rien reçu ?","Nothing come?","Kò sí ohun tó dé?","Babu abin da ya zo?","Ọ dịghị ihe bịarutere?","src/components/auth/LoginForm.tsx:78"
"Nothing found for “{q}”.","Aucun résultat pour « {q} ».","We no see anything for “{q}”.","Kò sí nǹkan tí a rí fún “{q}”.","Ba a sami komai game da “{q}” ba.","Ahụghị ihe maka “{q}”.","src/components/design/overlays.tsx:242"
"Nothing here yet.","Rien ici pour l'instant.","Nothing dey here yet.","Kò tíì sí nǹkan níbí.","Babu komai a nan tukuna.","Enweghị ihe ebe a ugbu a.","src/components/design/views.tsx:247"
"Nothing yet. Earnings appear here when a template is approved.","Rien pour l'instant. Les gains apparaissent ici lorsqu'un modèle est approuvé.","Nothing yet. Earnings go show here when dem approve template.","Kò sí nǹkan síbẹ̀. Owó tí o rí máa hàn níbí nígbà tí a bá fọwọ́ sí àwòṣe kan.","Babu komai tukuna. Kuɗin shiga na bayyana a nan idan an amince da samfuri.","Ọ dịbeghị ihe. Ego ị rụpụtara ga-apụta ebe a mgbe e kwenyere template.","src/components/creator/views.tsx:330"
"Notification settings","Paramètres de notification","Notification settings","Ètò ìfitónilétí","Saitunan sanarwa","Ntọala ọkwa","src/components/docs/menus.ts:228"
"Notifications","Notifications","Notifications","Àwọn ìfitónilétí","Sanarwa","Ọkwa","src/components/design/DesignApp.tsx:195"
"now","à l'instant","now","ní báyìí","yanzu","ugbu a","src/components/editor/EditorShell.tsx:321 src/components/docs/DocsEditor.tsx:462"
"Now","Maintenant","Now","Báyìí","Yanzu","Ugbu a","src/components/student/StudentView.tsx:180"
"Numbered list","Liste numérotée","Numbered list","Àtòjọ onínọ́mbà","Jerin lambobi","Ndepụta nọmba","src/components/editor/EditorShell.tsx:306 src/components/docs/DocsEditor.tsx:730 src/components/docs/Toolbar.tsx:173"
"Numbered, duplicate sheets","Feuillets numérotés en duplicata","Numbered, duplicate sheets","Àwọn ojú-ìwé onínọ́ńbà, oní-ẹ̀dà méjì","Takardu masu lamba da kwafi","Mpempe akwụkwọ e kenyere ọnụọgụ, ndị e kpụrụ ugboro abụọ","src/components/design/data.ts:24"
"Offers on printing for verified students, announced here when they are available.","Offres d'impression pour les étudiants vérifiés, annoncées ici dès qu'elles sont disponibles.","Print offers for verified students, we go announce dem here when dem ready.","Àwọn ìdínwó ìtẹ̀wé fún àwọn akẹ́kọ̀ọ́ tí a ti fìdí wọn múlẹ̀, a ó kéde wọn níbí nígbà tí wọ́n bá wà.","Tayin rangwamen ɗab’i ga ɗaliban da aka tabbatar, za a sanar da shi a nan idan ya samu.","Nkwado ọnụahịa na mbipụta maka ụmụ akwụkwọ e kwadoro, a ga-ekwupụta ha ebe a mgbe ha dị.","src/data/student.ts:14"
"Office Memo","Note de service interne","Office Memo","Ìwé Ìránnilétí Ọ́fíìsì","Sanarwar Ofis","Memo Ụlọ Ọrụ","src/components/design/data.ts:109"
"Offline access is off.","L'accès hors connexion est désactivé.","Offline access no dey on.","Ìwọlé láìsí íńtánẹ́ẹ̀tì kò ṣí.","An kashe amfani ba tare da intanet ba.","Ịnweta n’ejighị ịntanetị adịghị.","src/components/docs/DocsEditor.tsx:244"
"Offline fonts","Polices hors ligne","Offline fonts","Fọ́ńtì aláìsí íńtánẹ́ẹ̀tì","Fonts na offline","Font n’adịghị na ntanetị","src/components/design/views.tsx:93"
"Okafor Bakes — business card","Okafor Bakes — carte de visite","Okafor Bakes — business card","Okafor Bakes — káàdì iṣẹ́","Okafor Bakes — katin kasuwanci","Okafor Bakes — kaadị azụmahịa","src/components/design/data.ts:61"
"Okafor Bakes — invoice 0042","Okafor Bakes — facture 0042","Okafor Bakes — invoice 0042","Okafor Bakes — ìwé àkójọ owó 0042","Okafor Bakes — takardar buƙatar biya 0042","Okafor Bakes — invoice 0042","src/components/design/data.ts:69"
"Okafor Bakes · ₦186,500","Okafor Bakes · ₦186,500","Okafor Bakes · ₦186,500","Okafor Bakes · ₦186,500","Okafor Bakes · ₦186,500","Okafor Bakes · ₦186,500","src/components/design/data.ts:69"
"Okafor Bakes Business Card","Carte de visite Okafor Bakes","Okafor Bakes Business Card","Káàdì Iṣẹ́ Okafor Bakes","Katin Kasuwanci na Okafor Bakes","Kaadị Azụmahịa Okafor Bakes","src/data/creator-app.ts:59 src/data/creator-app.ts:80"
"Okay","Moyen","Fair","Bó ti yẹ","Matsakaici","Ọ ga-eme","src/components/auth/SignupForm.tsx:89"
"On this phone","Sur ce téléphone","For dis phone","Lórí fóònù yìí","A wannan wayar","Na ekwentị a","src/components/design/views.tsx:172"
"Once you have {minPayout} available and your payout account is verified, request a payout.","Dès que vous avez {minPayout} disponibles et que votre compte de versement est vérifié, demandez un versement.","As you get {minPayout} available and your payout account don verify, ask for payout.","Tí o bá ti ní {minPayout} tí àkáǹtì ìsanwó rẹ sì ti ní ìfìdímúlẹ̀, béèrè fún ìsanwó.","Da zarar kana da {minPayout} kuma an tabbatar da asusun biyan kuɗinka, nemi biyan kuɗi.","Ozugbo ị nwere {minPayout} dị ma e kwadoro akaụntụ ịkwụ ụgwọ gị, rịọ ịkwụ ụgwọ.","src/components/creator/views.tsx:310"
"One column","Une colonne","One column","Òpó kan","Ginshiƙi ɗaya","Kọlọm otu","src/components/docs/Dialogs.tsx:95 src/components/docs/menus.ts:189"
"Open","Ouvrir","Open","Ṣí","Buɗe","Mepee","src/components/design/overlays.tsx:273 src/components/docs/menus.ts:21"
"Open .cdr without CorelDRAW","Ouvrir un .cdr sans CorelDRAW","Open .cdr without CorelDRAW","Ṣí .cdr láì lo CorelDRAW","Buɗe .cdr ba tare da CorelDRAW ba","Mepee .cdr na-enweghị CorelDRAW","src/components/design/views.tsx:89"
"Open {family}","Ouvrir {family}","Open {family}","Ṣí {family}","Buɗe {family}","Mepee {family}","src/components/fonts/FontsView.tsx:58"
"Open {name}","Ouvrir {name}","Open {name}","Ṣí {name}","Buɗe {name}","Mepee {name}","src/components/creator/parts.tsx:37"
"Open a document","Ouvrir un document","Open document","Ṣí ìwé àkọsílẹ̀","Buɗe takarda","Mepee akwụkwọ","src/components/design/docsViews.tsx:89 src/components/docs/Dialogs.tsx:208"
"Open a file","Ouvrir un fichier","Open file","Ṣí fáìlì","Buɗe fayil","Mepee faịlụ","src/components/design/views.tsx:81"
"Open details for {name}","Ouvrir les détails de {name}","Open details for {name}","Ṣí àlàyé {name}","Buɗe cikakken bayani na {name}","Mepee nkọwa maka {name}","src/components/design/parts.tsx:63"
"Open earnings","Ouvrir les gains","Open earnings","Ṣí owó tí o rí","Buɗe kuɗin shiga","Mepee ego ị rụpụtara","src/components/creator/views.tsx:93"
"Open in editor","Ouvrir dans l'éditeur","Open for editor","Ṣí nínú olùṣàtúnṣe","Buɗe a editan","Mepee n’editọ","src/components/design/DesignApp.tsx:113 src/components/design/DesignApp.tsx:267"
"Open in Ifiok Designs","Ouvrir dans Ifiok Designs","Open for Ifiok Designs","Ṣí nínú Ifiok Designs","Buɗe a Ifiok Designs","Mepee n’Ifiok Designs","src/components/design/views.tsx:261"
"Open in Ifiok Docs","Ouvrir dans Ifiok Docs","Open am for Ifiok Docs","Ṣí nínú Ifiok Docs","Buɗe a Ifiok Docs","Mepee na Ifiok Docs","src/components/design/DesignApp.tsx:113"
"Open menu","Ouvrir le menu","Open menu","Ṣí mẹ́nù","Buɗe menu","Mepee menu","src/components/design/DesignApp.tsx:180"
"Open studio","Ouvrir le studio","Open studio","Ṣí ilé iṣẹ́","Buɗe dakin","Mepee studio","src/components/creator/views.tsx:33"
"Open the editor","Ouvrir l'éditeur","Open the editor","Ṣí olùṣàtúnṣe","Buɗe edita","Mepee editọ","src/components/creator/views.tsx:411"
"Open tools","Ouvrir les outils","Open tools","Ṣí àwọn irinṣẹ́","Buɗe kayan aiki","Mepee ngwa ọrụ","src/data/student.ts:11"
"Opens in a new tab","S'ouvre dans un nouvel onglet","E go open for new tab","Ṣí nínú táàbù tuntun","Yana buɗewa a sabon tab","Na-emepe n’taabụ ọhụrụ","src/components/design/overlays.tsx:204 src/components/design/overlays.tsx:207"
"Opens in Ifiok Docs. You can send it to a verified printer from there.","S'ouvre dans Ifiok Docs. Vous pourrez l'envoyer à un imprimeur vérifié depuis là.","E go open for Ifiok Docs. You fit send am give verified printer from there.","Yóò ṣí nínú Ifiok Docs. O lè fi ránṣẹ́ sí atẹ̀wé tí a ti fìdí rẹ̀ múlẹ̀ láti ibẹ̀.","Yana buɗewa a Ifiok Docs. Daga can za ka iya aika shi ga tabbataccen mai bugawa.","Ọ na-emepe na Ifiok Docs. Ị nwere ike izipu ya n'aka onye na-ebipụta e nyochara site n'ebe ahụ.","src/components/design/docsViews.tsx:61"
"or","ou","or","tàbí","ko","ma ọ bụ","src/components/auth/parts.tsx:17"
"Order {ref} is in your Orders. The printer confirms within 15 minutes and you will get a message here and on WhatsApp.","La commande {ref} est dans vos Commandes. L'imprimeur confirme sous 15 minutes et vous recevrez un message ici et sur WhatsApp.","Order {ref} dey inside your Orders. Di printer go confirm within 15 minutes and you go get message here and for WhatsApp.","Àṣẹ {ref} wà nínú Àwọn Àṣẹ rẹ. Atẹ̀wé yóò jẹ́rìí sí i láàrin ìṣẹ́jú 15, o sì máa gba ìfiránṣẹ́ níbí àti lórí WhatsApp.","Odar {ref} tana cikin Odojinka. Mai bugawa zai tabbatar cikin mintuna 15 kuma za ka samu saƙo a nan da kuma a WhatsApp.","Iwu {ref} dị na Iwu gị. Onye na-ebipụta ga-akwado n'ime nkeji 15, ị ga-enwekwa ozi ebe a na WhatsApp.","src/components/editor/SendToPrinter.tsx:118"
"Order print","Commander l'impression","Order print","Pàṣẹ ìtẹ̀wé","Yi odar ɗab’i","Nye iwu mbipụta","src/components/design/overlays.tsx:172"
"Order printing online and have it delivered.","Commandez vos impressions en ligne et faites-vous livrer.","Order print online and dem go bring am reach you.","Gba àṣẹ ìtẹ̀wé lórí ayélujára kí a sì gbé e wá fún ọ.","Yi odar ɗab’i ta intanet a kawo maka.","Nye iwu mbipụta n'ịntanet ma e zigara gị ya.","src/data/apps.ts:48"
"Order sent","Commande envoyée","Order don go","A ti fi àṣẹ ránṣẹ́","An aika odar","E zigara iwu","src/components/editor/SendToPrinter.tsx:49"
"Orders","Commandes","Orders","Àwọn àṣẹ","Odar","Iwu","src/components/design/DesignApp.tsx:156 src/components/design/views.tsx:243"
"Orders & prints","Commandes et impressions","Orders & prints","Àwọn àṣẹ àti ìtẹ̀wé","Odar da ɗab’i","Iwu na mbipụta","src/components/design/views.tsx:242 src/components/design/views.tsx:288 src/components/design/data.ts:137"
"Orientation","Orientation","Orientation","Ìdúró ojú-ìwé","Yanayin shafi","Nhazi peeji","src/components/docs/Dialogs.tsx:88 src/components/docs/Dialogs.tsx:89"
"Original templates such as CVs, flyers, invoices, posters, business cards and wedding invitations. Work you did not make yourself is not accepted.","Des modèles originaux : CV, flyers, factures, affiches, cartes de visite et faire-part de mariage. Les travaux que vous n'avez pas réalisés vous-même ne sont pas acceptés.","Original templates like CVs, flyers, invoices, posters, business cards and wedding invitations. Dem no dey accept work wey you no make yourself.","Àwọn àwòṣe tòótọ́ bíi CV, fláyà, invoice, pósítà, káàdì iṣẹ́ àti káàdì ìpè ìgbéyàwó. A kì í gba iṣẹ́ tí o kò ṣe fúnra rẹ.","Samfuran asali kamar CV, fleya, takardun neman kuɗi, fosta, katin kasuwanci da katin gayyatar aure. Ba a karɓar aikin da ba kai ka yi shi ba.","Template nke mbụ dị ka CV, flyer, invọys, posta, kaadị azụmahịa na òkù agbamakwụkwọ. A naghị anata ọrụ ị na-emeghị n'onwe gị.","src/data/creators.ts:123"
"Original work","Œuvre originale","Original work","Iṣẹ́ tòótọ́ tìrẹ","Aikin asali","Ọrụ nke mbụ","src/data/creators.ts:96"
"Out for delivery","En cours de livraison","Dey come for delivery","Ó ti jáde fún ìfijíṣẹ́","A hanyar kawowa","Apụọla iji bịa","src/components/design/data.ts:56"
"Outline","Plan","Outline","Àkópọ̀ ìlà","Tsari","Nkọwa ahụ","src/components/editor/EditorShell.tsx:28 src/components/docs/DocsEditor.tsx:557"
"Owner","Propriétaire","Owner","Olùní","Mai shi","Onye nwe","src/components/docs/Dialogs.tsx:180 src/components/docs/Dialogs.tsx:219 src/components/docs/content.ts:25"
"Page {n}","Page {n}","Page {n}","Ojú-ìwé {n}","Shafi na {n}","Peeji {n}","src/components/docs/DocsEditor.tsx:577"
"Page {n} of {total}","Page {n} sur {total}","Page {n} of {total}","Ojú-ìwé {n} nínú {total}","Shafi na {n} cikin {total}","Peeji {n} n’ime {total}","src/components/docs/DocsEditor.tsx:686"
"Page added","Page ajoutée","Page don add","A ti fi ojú-ìwé kún un","An ƙara shafi","E tinyere peeji","src/components/editor/EditorShell.tsx:364"
"Page break","Saut de page","Page break","Ìgé ojú-ìwé","Yankewar shafi","Nkewa peeji","src/components/docs/DocsEditor.tsx:279 src/components/docs/DocsEditor.tsx:734 src/components/docs/menus.ts:137"
"Page colour","Couleur de la page","Page colour","Àwọ̀ ojú-ìwé","Launin shafi","Agba peeji","src/components/docs/Dialogs.tsx:104"
"Page controls","Contrôles de page","Page controls","Àwọn ìṣàkóso ojú-ìwé","Sarrafa shafi","Njikwa peeji","src/components/editor/EditorShell.tsx:326"
"Page numbers","Numéros de page","Page numbers","Nọ́ńbà ojú-ìwé","Lambobin shafi","Ọnụọgụ peeji","src/components/docs/Dialogs.tsx:233 src/components/docs/menus.ts:148"
"Page setup","Mise en page","Page setup","Ìṣètò ojú-ìwé","Saitin shafi","Nhazi peeji","src/components/docs/Dialogs.tsx:87 src/components/docs/menus.ts:51"
"Page size A4","Format de page A4","Page size A4","Ìwọ̀n ojú ìwé A4","Girman shafi A4","Nha ibe akwụkwọ A4","src/components/design/overlays.tsx:131"
"Page size is {size}","La taille de page est {size}","Page size na {size}","Ìwọ̀n ojú-ìwé jẹ́ {size}","Girman shafi shi ne {size}","Ogo peeji bụ {size}","src/components/docs/DocsEditor.tsx:174"
"Page size is A4","Le format de page est A4","Page size na A4","Ìwọ̀n ojú-ìwé jẹ́ A4","Girman shafi A4 ne","Ogo peeji bụ A4","src/components/editor/EditorShell.tsx:88"
"Pages","Pages","Pages","Àwọn ojú-ìwé","Shafuka","Peeji","src/components/editor/EditorShell.tsx:361 src/components/editor/EditorShell.tsx:362 src/components/docs/DocsEditor.tsx:654"
"Paid","Payé","Don pay","A ti san","An biya","E kwụrụ","src/components/creator/views.tsx:318 src/components/creator/views.tsx:329 src/components/creator/views.tsx:347"
"Paid out","Versé","Don pay out","A ti san","An biya","E kwụrụ","src/components/creator/views.tsx:71 src/components/creator/views.tsx:303"
"Paid to","Versé à","Dem pay am to","A san fún","Ana biya zuwa","A kwụrụ ya n'ime","src/components/creator/dialogs.tsx:218"
"Paint format","Reproduire la mise en forme","Paint format","Àdàkọ ìṣètò","Kwafi tsari","Kopee nhazi","src/components/docs/Toolbar.tsx:99"
"Paint format: now select the text to copy the style to.","Reproduire la mise en forme : sélectionnez maintenant le texte auquel appliquer le style.","Paint format: now select the text wey you wan copy the style put.","Àdàkọ ìṣètò: yan ọ̀rọ̀ tí o fẹ́ dà ìṣètò náà sí báyìí.","Kwafi tsari: yanzu zaɓi rubutun da za a kwafa salon zuwa gare shi.","Kopee nhazi: ugbu a họrọ ederede ị chọrọ itinye ụdị ahụ.","src/components/docs/DocsEditor.tsx:340"
"Panels","Panneaux","Panels","Àwọn pátákó","Allunan gefe","Mpempe","src/components/docs/DocsEditor.tsx:604"
"Paper","Papier","Paper","Bébà","Takarda","Akwụkwọ","src/components/editor/SendToPrinter.tsx:66"
"Paper size","Taille du papier","Paper size","Ìwọ̀n bébà","Girman takarda","Nha akwụkwọ","src/components/docs/DocsEditor.tsx:655 src/components/docs/Dialogs.tsx:94"
"Paragraph","Paragraphe","Paragraph","Ìpínrọ̀","Sakin layi","Paragraf","src/components/docs/menus.ts:292"
"Paragraph style","Style de paragraphe","Paragraph style","Ọ̀nà ìpínrọ̀","Salon sakin layi","Ụdị paragraf","src/components/docs/Toolbar.tsx:103"
"Paragraph styles","Styles de paragraphe","Paragraph styles","Àwọn ọ̀nà ìpínrọ̀","Salon sakin layi","Ụdị paragraf","src/components/docs/menus.ts:167"
"Partners","Partners","Partners","Àwọn alábàáṣiṣẹ́pọ̀","Abokan haɗin gwiwa","Ndị mmekọ","src/data/apps.ts:97"
"Password","Mot de passe","Password","Ọ̀rọ̀ aṣínà","Kalmar sirri","Okwuntughe","src/components/auth/LoginForm.tsx:54 src/components/auth/SignupForm.tsx:114"
"Password, active sessions, delete account","Mot de passe, sessions actives, suppression du compte","Password, where you don login, delete account","Ọ̀rọ̀ìgbaniwọlé, àwọn ìgbà tó ń ṣiṣẹ́, pa àkáǹtì rẹ́","Kalmar sirri, zaman da ake kai, share asusu","Paswọọdụ, oge ị na-eji, hichapụ akaụntụ","src/components/design/data.ts:176"
"Paste","Coller","Paste","Lẹ̀ ẹ́ mọ́","Manna","Tinye","src/components/docs/menus.ts:62"
"Paste without formatting","Coller sans la mise en forme","Paste without formatting","Lẹ̀ ẹ́ mọ́ láìsí ìṣètò","Manna ba tare da tsari ba","Tinye na-enweghị nhazi","src/components/docs/menus.ts:63"
"Pay {amount} and send","Payer {amount} et envoyer","Pay {amount} and send am","San {amount} kí o sì fi ránṣẹ́","Biya {amount} ka aika","Kwụọ {amount} zipụ","src/components/editor/SendToPrinter.tsx:131"
"Payout","Versement","Payout","Ìsanwó","Biyan kuɗi","Ịkwụ ụgwọ","src/components/creator/dialogs.tsx:151"
"Payout account","Compte de versement","Payout account","Àkáǹtì ìsanwó","Asusun biyan kuɗi","Akaụntụ ịkwụ ụgwọ","src/components/creator/views.tsx:196"
"Payout account removed. Add and verify a new one to request payouts.","Compte de versement supprimé. Ajoutez-en et vérifiez-en un nouveau pour demander des versements.","Payout account don comot. Add new one and verify am before you ask for payout.","A ti yọ àkáǹtì ìsanwó kúrò. Fi tuntun kún un kí o sì fìdí rẹ̀ múlẹ̀ kí o tó lè béèrè fún ìsanwó.","An cire asusun biyan kuɗi. Ƙara sabo ka tabbatar da shi don neman biyan kuɗi.","E wepụrụ akaụntụ ịkwụ ụgwọ. Tinye ma kwado nke ọhụrụ iji rịọ ịkwụ ụgwọ.","src/components/creator/store.tsx:163"
"Payout account verified.","Compte de versement vérifié.","Payout account don verify.","A ti fìdí àkáǹtì ìsanwó múlẹ̀.","An tabbatar da asusun biyan kuɗi.","E kwadoro akaụntụ ịkwụ ụgwọ.","src/components/creator/store.tsx:162"
"Payout details","Infos de versement","Payout details","Àlàyé ìsanwó","Bayanan biyan kuɗi","Nkọwa ịkwụ ụgwọ","src/components/creator/views.tsx:286"
"Payout of {available} requested.","Versement de {available} demandé.","You don ask for payout of {available}.","A béèrè fún ìsanwó {available}.","An nemi biyan kuɗi na {available}.","E rịọrọ ịkwụ ụgwọ {available}.","src/components/creator/store.tsx:171"
"Payout sections","Sections des versements","Payout sections","Àwọn ẹ̀ka ìsanwó","Sassan biyan kuɗi","Akụkụ ịkwụ ụgwọ","src/components/creator/views.tsx:294"
"Payouts go to this account by bank transfer. If you change it, it has to be verified again before your next payout.","Les versements sont envoyés sur ce compte par virement bancaire. Si vous le changez, il devra être vérifié à nouveau avant votre prochain versement.","Payouts go enter this account by bank transfer. If you change am, dem must verify am again before your next payout.","Ìsanwó máa ń lọ sí àkáǹtì yìí nípasẹ̀ ìfiránṣẹ́ báńkì. Tí o bá yí i padà, a gbọ́dọ̀ tún fìdí rẹ̀ múlẹ̀ kí ìsanwó tó kàn tó wáyé.","Ana tura biyan kuɗi zuwa wannan asusun ta banki. Idan ka canza shi, sai an sake tabbatar da shi kafin biyan kuɗinka na gaba.","Ịkwụ ụgwọ na-aga n'akaụntụ a site n'ịkwụ ego banki. Ọ bụrụ na ị gbanwee ya, a ga-ekwado ya ọzọ tupu ịkwụ ụgwọ gị ọzọ.","src/components/creator/views.tsx:202"
"PDF document (.pdf)","Document PDF (.pdf)","PDF document (.pdf)","Ìwé PDF (.pdf)","Takardar PDF (.pdf)","Akwụkwọ PDF (.pdf)","src/components/docs/menus.ts:28"
"PDF to Word","PDF vers Word","PDF to Word","PDF sí Word","PDF zuwa Word","PDF gaa Word","src/components/design/docsViews.tsx:93 src/components/design/data.ts:156"
"PDF tools","Outils PDF","PDF tools","Àwọn irinṣẹ́ PDF","Kayan aikin PDF","Ngwá ọrụ PDF","src/components/design/views.tsx:139 src/components/design/docsViews.tsx:114 src/components/editor/EditorShell.tsx:29"
"PDF, PowerPoint, images","PDF, PowerPoint, images","PDF, PowerPoint, images","PDF, PowerPoint, àwọn àwòrán","PDF, PowerPoint, hotuna","PDF, PowerPoint, foto","src/components/design/views.tsx:81"
"People","Personnes","People","Àwọn ènìyàn","Mutane","Ndị mmadụ","src/components/docs/menus.ts:117 src/components/design/data.ts:179"
"People here now","Personnes présentes","Pipul wey dey here now","Àwọn tó wà níbí báyìí","Mutanen da ke nan yanzu","Ndị nọ ebe a ugbu a","src/components/editor/EditorShell.tsx:247 src/components/docs/DocsEditor.tsx:513"
"People with access","Personnes ayant accès","People wey get access","Àwọn ènìyàn tó ní ìwọlé","Mutanen da ke da damar shiga","Ndị nwere ohere","src/components/docs/Dialogs.tsx:178"
"Perks on","Avantages activés","Perks don open","Àǹfààní ti ṣí","Fa’idodi sun buɗe","Uru emeghere","src/components/student/StudentView.tsx:180"
"Perks on until {expires}","Avantages activés jusqu'au {expires}","Perks dey on till {expires}","Àǹfààní ṣí títí di {expires}","Fa’idodi a buɗe suke har {expires}","Uru dị ruo {expires}","src/components/student/StudentView.tsx:209"
"Personal","Personnel","Personal","Ti ara ẹni","Na kai","Nke onwe","src/components/docs/content.ts:55"
"Phase","Phase","Phase","Ìpele","Mataki","Ọkwa","src/components/docs/content.ts:25"
"Phone number","Numéro de téléphone","Phone number","Nọ́ńbà fóònù","Lambar waya","Nọmba ekwentị","src/components/auth/SignupForm.tsx:113"
"Photo","Photo","Photo","Fọ́tò","Hoto","Foto","src/components/editor/DesignCanvas.tsx:124 src/components/editor/data.ts:22"
"Photo {n}","Photo {n}","Photo {n}","Fọ́tò {n}","Hoto {n}","Foto {n}","src/components/editor/EditorShell.tsx:158"
"Photo is under 300 DPI at this size","La photo est sous 300 DPI à cette taille","Photo no reach 300 DPI for this size","Fọ́tò náà kò tó 300 DPI ní ìwọ̀n yìí","Hoton bai kai 300 DPI ba a wannan girman","Foto dị n'okpuru 300 DPI n'nha a","src/components/design/data.ts:64"
"Photo of your student ID","Photo de votre carte d'étudiant","Photo of your student ID","Fọ́tò káàdì ìdánimọ̀ akẹ́kọ̀ọ́ rẹ","Hoton katin shaidar ɗalibinka","Foto ID nwa akwụkwọ gị","src/components/student/StudentView.tsx:111"
"Photos are 300 DPI","Les photos sont à 300 DPI","Photos na 300 DPI","Àwọn fọ́tò jẹ́ 300 DPI","Hotuna 300 DPI ne","Foto bụ 300 DPI","src/components/editor/useDesign.ts:50"
"Pick a colour to change the selection, or the page when nothing is selected.","Choisissez une couleur pour modifier la sélection, ou la page si rien n'est sélectionné.","Pick colour to change wetin you select, or di page if you no select anything.","Yan àwọ̀ kan láti yí ohun tí o yàn padà, tàbí ojú-ìwé nígbà tí kò sí ohun tí a yàn.","Zaɓi launi don canza abin da aka zaɓa, ko shafin idan ba a zaɓi komai ba.","Họrọ agba ka ị gbanwee ihe ị họrọ, ma ọ bụ peeji mgbe ọ dịghị ihe e họrọla.","src/components/editor/EditorShell.tsx:170"
"Pick a font and start designing with it. Every font here is free to use in your designs.","Choisissez une police et créez avec. Toutes les polices ici sont gratuites dans vos designs.","Pick font and start to design with am. Every font here free to use for your designs.","Yan fọ́ńtì kan kí o sì bẹ̀rẹ̀ sí ṣe àwòrán pẹ̀lú rẹ̀. Gbogbo fọ́ńtì níbí jẹ́ ọ̀fẹ́ láti lò nínú àwọn àwòrán rẹ.","Zaɓi font ka fara zane da shi. Kowane font a nan kyauta ne don amfani a zanukanka.","Họrọ font ma malite ime design site na ya. Font ọ bụla ebe a dị n’efu iji n’ime design gị.","src/components/fonts/FontsView.tsx:37"
"Pick a template above to write your first one.","Choisissez un modèle ci-dessus pour rédiger le premier.","Pick one template wey dey up there to write your first one.","Yan àwòṣe kan lókè láti kọ èyí àkọ́kọ́ rẹ.","Zaɓi samfuri a sama don rubuta na farko.","Họrọ template n'elu iji dee nke mbụ gị.","src/components/design/docsViews.tsx:107"
"Pick up","Retrait","Pick up","Wá gbà á","Karɓa da kai","Pụta weta","src/components/editor/SendToPrinter.tsx:70"
"Pick up at {area}","Retrait à {area}","Pick up for {area}","Wá gbà á ní {area}","Karɓa a {area}","Pụta weta na {area}","src/components/editor/SendToPrinter.tsx:105"
"Pick up nearby or get it delivered to your door","Récupérez-le à proximité ou faites-vous livrer à domicile","Go carry am near you or make dem bring am to your door","Lọ gbà á nítòsí tàbí kí a gbé e wá sí ẹnu ọ̀nà rẹ","Ku karɓa a kusa ko a kawo muku har ƙofarku","Jee nata ya nso ma ọ bụ ka e weta ya n'ọnụ ụzọ gị","src/components/auth/AuthShell.tsx:25"
"Pick your school from the list, or type its full name.","Choisissez votre école dans la liste, ou saisissez son nom complet.","Pick your school from the list, or type the full name.","Yan ilé-ìwé rẹ látinú àtòjọ, tàbí tẹ orúkọ rẹ̀ kíkún.","Zaɓi makarantarka daga jerin, ko ka rubuta cikakken sunanta.","Họrọ ụlọ akwụkwọ gị n’ndepụta, ma ọ bụ dee aha ya zuru ezu.","src/components/student/StudentView.tsx:53"
"Pidgin","Pidgin","Pidgin","Pidgin","Pidgin","Pidgin","src/components/docs/menus.ts:46 src/components/docs/menus.ts:222"
"Pie","Secteurs","Pie","Àyíká","Zagaye","Pai","src/components/docs/menus.ts:127"
"Place","Lieu","Place","Ibi","Wuri","Ebe","src/components/docs/menus.ts:119"
"Plain text (.txt)","Texte brut (.txt)","Plain text (.txt)","Ọ̀rọ̀ lásán (.txt)","Rubutu kawai (.txt)","Ederede dị mfe (.txt)","src/components/docs/menus.ts:30"
"Playful","Ludique","Playful","Ti eré","Na wasa","Obi ụtọ","src/data/fonts.ts:7"
"Please accept the terms to continue.","Veuillez accepter les conditions pour continuer.","Abeg accept the terms make you continue.","Jọ̀wọ́ gba àwọn òfin náà láti tẹ̀síwájú.","Da fatan za ku amince da sharuɗɗa don ci gaba.","Biko kwenye na ụkpụrụ ndị a ka ị gaa n'ihu.","src/components/auth/SignupForm.tsx:75"
"Please check the spacing between letters and the accents on ẹ and ọ, then resubmit.","Veuillez vérifier l'espacement entre les lettres et les accents sur ẹ et ọ, puis soumettez à nouveau.","Abeg check the spacing between letters and the accents for ẹ and ọ, then submit again.","Jọ̀wọ́ ṣàyẹ̀wò àlàfo láàárín àwọn lẹ́tà àti àmì lórí ẹ àti ọ, lẹ́yìn náà tún fi ránṣẹ́.","Da fatan ka duba tazarar da ke tsakanin haruffa da alamun da ke kan ẹ da ọ, sannan ka sake aikawa.","Biko lelee ohere dị n'etiti mkpụrụedemede na akara dị n'elu ẹ na ọ, wee bunyeghachi.","src/components/creator/store.tsx:154"
"Please confirm before you continue.","Veuillez confirmer avant de continuer.","Abeg confirm before you continue.","Jọ̀wọ́ jẹ́rìí sí i kí o tó tẹ̀síwájú.","Da fatan za ka tabbatar kafin ka ci gaba.","Biko kwenye tupu ịga n’ihu.","src/components/fonts/FontStudio.tsx:99"
"Please improve the contrast of the headline and keep all text editable, then resubmit.","Veuillez améliorer le contraste du titre et garder tout le texte modifiable, puis soumettez à nouveau.","Abeg make the headline colour show pass and make all the text fit edit, then submit again.","Jọ̀wọ́ mú kí àwọ̀ àkọlé yàtọ̀ síi sí ẹ̀yìn rẹ̀, kí o sì jẹ́ kí gbogbo ọ̀rọ̀ wà ní ìrísí tí a lè ṣàtúnṣe, lẹ́yìn náà tún fi ránṣẹ́.","Da fatan za ka ƙara bambancin launi na kanun labari, ka bar duk rubutu ya zama mai iya gyarawa, sannan ka sake aikawa.","Biko mee ka agba isiokwu pụta ìhè karịa ma hapụ ederede niile ka ọ dị mfe idezigharị, wee bunyeghachi.","src/components/creator/store.tsx:124"
"Please review this draft and send comments by Friday. Type / on an empty line to add a heading, a list or a divider.","Merci de relire ce brouillon et d'envoyer vos commentaires d'ici vendredi. Tapez / sur une ligne vide pour ajouter un titre, une liste ou un séparateur.","Abeg check this draft and send your comments before Friday. Type / for empty line to add heading, list or divider.","Jọ̀wọ́ ṣàyẹ̀wò àfọwọ́kọ yìí kí o sì fi ọ̀rọ̀ àlàyé ránṣẹ́ kí ó tó di ọjọ́ Ẹtì. Tẹ / lórí ìlà òfo láti fi àkọlé, àtòjọ tàbí ìpín kún un.","Da fatan za a duba wannan daftari a aiko da sharhi kafin Jumma’a. Rubuta / a layi mara komai don ƙara kanun labari, jeri ko mai rabawa.","Biko lelee draft a ma zipụ nkọwa tupu Fraịde. Pịnye / n’ahịrị efu iji tinye isi okwu, ndepụta ma ọ bụ nkewa.","src/components/docs/content.ts:17"
"Please tick all three confirmations first.","Veuillez d'abord cocher les trois confirmations.","Abeg tick all the three confirmations first.","Jọ̀wọ́ yan àwọn ìjẹ́rìísí mẹ́tẹ̀ẹ̀ta náà ná.","Da fatan za ka yi alamar duka tabbatarwa uku tukuna.","Biko buru ụzọ pịa akara n'ihe nkwenye atọ niile.","src/components/creator/dialogs.tsx:107"
"Portfolio link (optional)","Lien du portfolio (facultatif)","Portfolio link (no be must)","Ìjápọ̀ àkójọ iṣẹ́ rẹ (kì í ṣe dandan)","Mahaɗin fayil ɗin ayyuka (zaɓi)","Njikọ portfolio (nhọrọ)","src/components/creator/views.tsx:405"
"Portrait","Portrait","Portrait","Ìdúró gígùn","A tsaye","Ọkwa kwụ ọtọ","src/components/docs/Dialogs.tsx:90"
"Poster","Affiche","Poster","Pósítà","Fosta","Postà","src/components/design/data.ts:168 src/data/creator-app.ts:13"
"Poster A3","Affiche A3","Poster A3","Pósítà A3","Fosta A3","Posta A3","src/components/design/data.ts:18"
"Postgraduate","Troisième cycle","Postgraduate","Ẹ̀kọ́ gíga lẹ́yìn ìkẹ́kọ̀ọ́yege","Digiri na gaba","Postgraduate","src/data/student.ts:26 src/data/creators.ts:129"
"Power cuts and paper supply are the two risks. A small inverter and a paper deal with the printer cover both.","Les coupures de courant et l'approvisionnement en papier sont les deux risques. Un petit onduleur et un accord de fourniture de papier avec l'imprimeur couvrent les deux.","Light wey dey go and paper supply na the two risks. Small inverter and paper deal with the printer go cover the two.","Ìdáwọ́ iná àti ìpèsè bébà ni ewu méjì. Ẹ̀rọ inverter kékeré àti àdéhùn bébà pẹ̀lú atẹ̀wé yóò bo méjèèjì.","Katsewar wutar lantarki da samar da takarda su ne haɗurra biyu. Ƙaramin inverter da yarjejeniyar takarda da mai ɗab’i za su magance duka biyun.","Ọkụ ọgbụgba na ọkọnọ akwụkwọ bụ ihe ize ndụ abụọ. Obere inverter na nkwekọrịta akwụkwọ na onye na-ebipụta ga-ekpuchi ha abụọ.","src/components/docs/content.ts:15"
"Prepared for the Ikeja Traders' Association. Draft one, 12 July.","Préparé pour l'Association des commerçants d'Ikeja. Premier jet, 12 juillet.","Dem prepare am for Ikeja Traders' Association. Draft one, 12 July.","A ṣe é fún Ẹgbẹ́ Àwọn Oníṣòwò Ikeja. Àfọwọ́kọ kìíní, 12 Oṣù Keje.","An shirya wa Ƙungiyar Ƴan Kasuwa ta Ikeja. Daftari na ɗaya, 12 ga Yuli.","E mere ya maka Òtù Ndị Ahịa Ikeja. Draft mbụ, 12 Julaị.","src/components/docs/content.ts:7"
"Present","Présents","Present","Àwọn tó wà níbẹ̀","Waɗanda suka halarta","Ndị nọ","src/components/docs/content.ts:28"
"Presentation","Présentation","Presentation","Ìgbékalẹ̀","Gabatarwa","Presentation","src/components/design/data.ts:28 src/data/creator-app.ts:27"
"Press Ctrl+Shift+V to paste without formatting.","Appuyez sur Ctrl+Shift+V pour coller sans la mise en forme.","Press Ctrl+Shift+V to paste without formatting.","Tẹ Ctrl+Shift+V láti lẹ̀ ẹ́ mọ́ láìsí ìṣètò.","Danna Ctrl+Shift+V don manna ba tare da tsari ba.","Pịa Ctrl+Shift+V iji tinye na-enweghị nhazi.","src/components/docs/DocsEditor.tsx:253"
"Press Ctrl+V to paste. Your browser blocks the menu from reading the clipboard.","Appuyez sur Ctrl+V pour coller. Votre navigateur empêche le menu de lire le presse-papiers.","Press Ctrl+V to paste. Your browser no gree make the menu read the clipboard.","Tẹ Ctrl+V láti lẹ̀ ẹ́ mọ́. Aṣàwákiri rẹ kò jẹ́ kí mẹ́nù ka ohun tí o dà kọ.","Danna Ctrl+V don manna. Burauzarka ta hana menu karanta allon kwafi.","Pịa Ctrl+V iji tinye. Brawsa gị anaghị ekwe menu ọgụgụ clipboard.","src/components/docs/DocsEditor.tsx:252"
"Preview size","Taille de l'aperçu","Preview size","Ìwọ̀n àgbéyẹ̀wò","Girman samfoti","Nha nlele","src/components/fonts/FontsView.tsx:42"
"Preview text","Texte d'aperçu","Preview text","Ọ̀rọ̀ àgbéyẹ̀wò","Rubutun samfoti","Ederede nlele","src/components/fonts/FontStudio.tsx:179 src/components/fonts/FontsView.tsx:41"
"Preview unavailable for this saved file. Add it again to preview.","Aperçu indisponible pour ce fichier enregistré. Ajoutez-le à nouveau pour l'afficher.","Preview no dey for this saved file. Add am again to see preview.","Kò sí àgbéyẹ̀wò fún fáìlì tí a fi pamọ́ yìí. Fi kún un lẹ́ẹ̀kan sí i láti wò ó.","Ba za a iya duba samfoti na wannan fayil ɗin da aka ajiye ba. Sake ƙara shi don duba.","Nlele adịghị maka faịlụ echekwara a. Tinyegharịa ya ka ị hụ ya.","src/components/fonts/FontStudio.tsx:175"
"Previous match","Résultat précédent","Previous match","Èyí tó báramu tó ṣáájú","Wanda ya dace na baya","Nke gara aga","src/components/docs/Dialogs.tsx:50"
"Price","Prix","Price","Iye owó","Farashi","Ọnụ ahịa","src/components/docs/content.ts:26"
"Prices are for 10 copies, loose pages.","Les prix sont pour 10 exemplaires, feuilles non reliées.","Prices na for 10 copies, loose pages.","Iye owó yìí jẹ́ fún ẹ̀dà mẹ́wàá, àwọn ojú-ìwé tí kò dì pọ̀.","Farashin na kwafi 10 ne, shafuka daban-daban.","Ọnụ ahịa bụ maka mbipụta 10, peeji ndị ewepụrụ.","src/components/docs/DocsEditor.tsx:664"
"Print","Impression","Print","Tẹ̀wé","Ɗab’i","Mbipụta","src/components/design/DesignApp.tsx:155 src/components/docs/DocsEditor.tsx:607 src/components/docs/DocsEditor.tsx:677"
"Print check","Contrôle d'impression","Print check","Àyẹ̀wò ìtẹ̀wé","Duba kafin ɗab’i","Nlele mbipụta","src/components/design/overlays.tsx:163"
"Print orders in progress","Commandes d'impression en cours","Print orders wey dey go on","Àwọn àṣẹ ìtẹ̀wé tó ń lọ lọ́wọ́","Odar ɗab’i da ake yi","Iwu mbipụta na-aga n’ihu","src/components/design/views.tsx:122"
"Print readiness","Prêt pour l'impression","Print readiness","Ìmúrasílẹ̀ fún ìtẹ̀wé","Shirin bugawa","Nkwadebe mbipụta","src/components/editor/EditorShell.tsx:332 src/components/editor/EditorShell.tsx:333 src/components/docs/DocsEditor.tsx:696"
"Print ready","Prêt à imprimer","Ready to print","Ó ṣetán fún ìtẹ̀wé","A shirye don bugawa","Dị njikere ibipụta","src/components/editor/EditorShell.tsx:329 src/components/docs/DocsEditor.tsx:656 src/components/docs/DocsEditor.tsx:693"
"Print size, bleed and 300 DPI checked","Format d'impression, fond perdu et 300 DPI vérifiés","Print size, bleed and 300 DPI don check","A ti ṣàyẹ̀wò ìwọ̀n ìtẹ̀wé, bleed àti 300 DPI","An duba girman ɗab’i, bleed da 300 DPI","E nyochara nha mbipụta, bleed na 300 DPI","src/components/creator/dialogs.tsx:184"
"Print this document","Imprimer ce document","Print this document","Tẹ ìwé yìí","Ɗab’i wannan takarda","Bipụta akwụkwọ a","src/components/docs/DocsEditor.tsx:652"
"Print-ready","Prêt à imprimer","Ready to print","Ó ṣetán fún ìtẹ̀wé","A shirye don ɗab’i","Dị njikere mbipụta","src/data/creators.ts:97"
"Printer","Imprimeur","Printer","Atẹ̀wé","Mai bugawa","Onye na-ebipụta","src/components/editor/SendToPrinter.tsx:10 src/components/editor/SendToPrinter.tsx:103"
"Printers","Printers","Printers","Àwọn atẹ̀wé","Masu ɗab’i","Printers","src/data/apps.ts:84"
"Printers and installers: join the Ifiok partner network.","Imprimeurs et installateurs : rejoignez le réseau de partenaires Ifiok.","Printers and installers: join Ifiok partner network.","Àwọn atẹ̀wé àti àwọn olùfi nǹkan sí ààyè rẹ̀: darapọ̀ mọ́ ẹgbẹ́ àwọn alábàáṣiṣẹ́pọ̀ Ifiok.","Masu ɗab’i da masu shigarwa: shiga cibiyar abokan haɗin gwiwar Ifiok.","Ndị mbipụta na ndị na-edozi ihe: sonye na netwọk ndị mmekọ Ifiok.","src/data/apps.ts:100"
"Printers and prices come live from Ifiok Market","Les imprimeurs et les prix viennent en direct d'Ifiok Market","Printers and prices dey come live from Ifiok Market","Àwọn atẹ̀wé àti owó wọn wá tààrà láti Ifiok Market","Masu bugawa da farashi suna zuwa kai tsaye daga Ifiok Market","Ndị na-ebipụta na ọnụahịa na-esi na Ifiok Market bịa ozugbo","src/components/editor/SendToPrinter.tsx:80"
"Printers may clip text this close to the edge.","Les imprimeurs peuvent couper le texte aussi près du bord.","Printer fit cut text wey near the edge like this.","Àwọn atẹ̀wé lè gé ọ̀rọ̀ tó bá sún mọ́ etí báyìí.","Masu ɗab’i na iya yanke rubutun da ke kusa da gefe haka.","Ndị na-ebipụta nwere ike ịcha ederede dị nso n’ọnụ otú a.","src/components/docs/DocsEditor.tsx:176"
"Printing","Impression","Dem dey print am","Ń tẹ̀","Ana ɗab’i","Na-ebipụta","src/components/editor/SendToPrinter.tsx:106 src/components/design/data.ts:55"
"Printing is paid per job to the printer","L'impression est payée à l'imprimeur, par tâche","Na to the printer you go pay for each print job","A máa ń san owó títẹ̀wé fún atẹ̀wé lórí iṣẹ́ kọ̀ọ̀kan","Ana biyan ɗab’i kowane aiki ga mai ɗab’in","A na-akwụ ụgwọ mbipụta maka ọrụ ọ bụla nye onye na-ebipụta","src/components/docs/content.ts:11"
"Privacy Policy","politique de confidentialité","Privacy Policy","Ìlànà Àṣírí","Manufar Sirri","Iwu Nzuzo","src/components/auth/SignupForm.tsx:126"
"Processing","En cours","Dem dey process am","Ń ṣe é lọ́wọ́","Ana sarrafawa","Na-arụ ọrụ","src/components/creator/views.tsx:347"
"Product label","Étiquette produit","Product label","Àmì ọjà","Lakabin kaya","Akara ngwaahịa","src/data/creator-app.ts:31"
"Production · OKB-0041","Production · OKB-0041","Production · OKB-0041","Ìṣelọ́pọ̀ · OKB-0041","Ana yi · OKB-0041","Mmepụta · OKB-0041","src/components/design/data.ts:64"
"Profession · City","Profession · Ville","Work · City","Iṣẹ́ · Ìlú","Sana’a · Birni","Ọrụ · Obodo","src/components/design/data.ts:103"
"Profile","Profil","Profile","Pírófáìlì","Bayani","Profaịlụ","src/components/design/DesignApp.tsx:156 src/components/creator/views.tsx:388"
"Profile link copied.","Lien du profil copié.","Profile link don copy.","A ti dà ìjápọ̀ prófáìlì kọ.","An kwafi mahaɗin profayil.","E detuola njikọ profaịlụ.","src/components/creator/views.tsx:408"
"Profile saved on this device.","Profil enregistré sur cet appareil.","Profile don save for this device.","A ti fi prófáìlì pamọ́ sórí ẹ̀rọ yìí.","An ajiye profayil a wannan na’ura.","E chekwara profaịlụ n'ngwaọrụ a.","src/components/creator/views.tsx:407"
"Progress","Progression","Progress","Ìtẹ̀síwájú","Ci gaba","Ọganihu","src/components/design/parts.tsx:22 src/components/editor/SendToPrinter.tsx:54 src/components/student/StudentView.tsx:87"
"Project Defence","Soutenance de projet","Project Defence","Ìgbèjà Iṣẹ́ Àkànṣe","Kare Aikin Bincike","Nchebe Projekt","src/components/design/data.ts:81"
"Project Defence Slides","Diapositives de soutenance","Project Defence Slides","Àwọn Síláìdì Ìgbèjà Iṣẹ́ Àkànṣe","Silaid ɗin Kare Aikin Bincike","Slaịdị Nchebe Projekt","src/components/design/data.ts:81"
"Project proposal","Proposition de projet","Project proposal","Ìgbékalẹ̀ iṣẹ́ àkànṣe","Shawarar aiki","Atụmatụ ọrụ","src/components/editor/EditorShell.tsx:40 src/components/docs/DocsEditor.tsx:52 src/components/docs/content.ts:34"
"Project proposal: community print kiosk","Proposition de projet : kiosque d'impression communautaire","Project proposal: community print kiosk","Ìgbékalẹ̀ iṣẹ́ àkànṣe: kióósì títẹ̀wé àdúgbò","Shawarar aiki: rumfar ɗab’i ta al’umma","Atụmatụ ọrụ: kiosk mbipụta obodo","src/components/docs/content.ts:6"
"Project report","Rapport de projet","Project report","Ìròyìn iṣẹ́ àkànṣe","Rahoton aiki","Akụkọ ọrụ","src/components/design/data.ts:34"
"Project Report","Rapport de projet","Project Report","Ìròyìn Iṣẹ́ Àkànṣe","Rahoton Aiki","Akụkọ Ọrụ","src/components/design/data.ts:70 src/components/design/data.ts:105"
"Project roadmap","Feuille de route du projet","Project roadmap","Ọ̀nà iṣẹ́ àkànṣe","Taswirar aiki","Ụzọ ọrụ","src/components/docs/content.ts:25 src/components/docs/menus.ts:111"
"Projects","Projets","Projects","Àwọn iṣẹ́ àkànṣe","Ayyuka","Ọrụ","src/components/docs/content.ts:55"
"Proof","Justificatif","Proof","Ẹ̀rí","Shaida","Ihe akaebe","src/data/student.ts:22"
"Proposal","Proposition","Proposal","Àbá","Shawara","Atụmatụ","src/components/design/data.ts:107"
"Protect","Protéger","Protect","Dáàbò bò","Kare","Chebe","src/data/apps.ts:33"
"Prototype only: simulate the decision","Prototype uniquement : simuler la décision","Prototype only: show how the decision go be","Fún ìdánwò nìkan: ṣe àfarawé ìpinnu","Na gwaji kawai: nuna yadda hukunci zai kasance","Prototaịpụ nanị: mee ka mkpebi dị ka ọ bụ n’ezie","src/components/student/StudentView.tsx:181 src/components/creator/dialogs.tsx:162 src/components/fonts/FontStudio.tsx:325"
"Prototype: any 6 digits will work.","Prototype : n'importe quels 6 chiffres fonctionneront.","Prototype: any 6 digits go work.","Àpẹẹrẹ ìdánwò: nọ́ńbà mẹ́fà èyíkéyìí ló máa ṣiṣẹ́.","Gwaji: duk lambobi 6 za su yi aiki.","Nnwale: ọnụọgụ 6 ọ bụla ga-arụ ọrụ.","src/components/auth/SignupForm.tsx:144"
"Prototype: no real account is created or checked here.","Prototype : aucun vrai compte n'est créé ni vérifié ici.","Prototype: we no dey create or check any real account here.","Àpẹẹrẹ ìdánwò: a kò ṣí tàbí ṣàyẹ̀wò àkáǹtì gidi kankan níbí.","Gwaji: ba a ƙirƙira ko duba wani asusu na gaske a nan.","Nnwale: a naghị emepụta ma ọ bụ lelee akaụntụ n'ezie ebe a.","src/components/auth/AuthShell.tsx:41"
"Prototype: nothing is sent. Use any 11 digits.","Prototype : rien n'est envoyé. Saisissez 11 chiffres au choix.","Prototype: we no send anything. Use any 11 digits.","Àyẹ̀wò àkọ́kọ́: a kò fi nǹkan kan ránṣẹ́. Lo díjítì 11 èyíkéyìí.","Samfurin gwaji: ba a aika komai ba. Yi amfani da kowace lamba 11.","Prototype: a naghị eziga ihe ọ bụla. Jiri ọnụọgụ 11 ọ bụla.","src/components/creator/views.tsx:263"
"Punctuation","Ponctuation","Punctuation","Àwọn àmì ìkọ̀wé","Alamomin rubutu","Akara ntụpọ","src/components/docs/menus.ts:284"
"QR code","Code QR","QR code","Kóòdù QR","QR code","QR code","src/components/editor/EditorShell.tsx:178 src/components/docs/DocsEditor.tsx:736 src/components/docs/menus.ts:130"
"QR code added. The real one links to a tracked page.","Code QR ajouté. Le vrai code renvoie vers une page suivie.","QR code don add. The real one dey link go page wey dem fit track.","A ti fi kóòdù QR kún un. Èyí gidi máa ń sopọ̀ mọ́ ojú-ìwé tí a lè tọpa.","An ƙara lambar QR. Ta gaskiya tana haɗawa da shafin da ake bibiya.","E tinyere koodu QR. Nke ezigbo na-ejikọ na peeji a na-eso.","src/components/docs/DocsEditor.tsx:271"
"QR generator","Générateur de QR","QR generator","Ẹ̀rọ ìṣẹ̀dá QR","Mai ƙirƙirar QR","Ihe mepụta QR","src/components/design/data.ts:158"
"Qty","Qté","Qty","Iye","Adadi","Ọnụọgụ","src/components/docs/content.ts:26"
"Quantity","Quantité","Quantity","Iye","Adadi","Ọnụọgụ","src/components/design/overlays.tsx:174 src/components/editor/SendToPrinter.tsx:63"
"Quote","Citation","Quote","Àyọkà","Kalamin ambato","Nkọwa e ji ya","src/components/docs/menus.ts:170 src/components/docs/menus.ts:275"
"Raise the contrast of the headings and keep the contact details as real text, not an image. Then resubmit.","Augmentez le contraste des titres et gardez les coordonnées en vrai texte, pas en image. Puis soumettez à nouveau.","Make the headings colour show pass and keep the contact details as real text, no be image. Then submit again.","Mú kí àwọ̀ àwọn àkọlé yàtọ̀ síi sí ẹ̀yìn rẹ̀, kí o sì jẹ́ kí àlàyé ìbánisọ̀rọ̀ jẹ́ ọ̀rọ̀ gidi, kì í ṣe àwòrán. Lẹ́yìn náà tún fi ránṣẹ́.","Ƙara bambancin launi na kanun labarai, ka bar bayanan tuntuɓa a matsayin rubutu na gaske, ba hoto ba. Sannan ka sake aikawa.","Mee ka agba isiokwu pụta ìhè karịa ma hapụ nkọwa kọntaktị ka ọ bụrụ ederede n'ezie, ọ bụghị foto. Wee bunyeghachi.","src/data/creator-app.ts:61"
"Read the final document","Lire le document final","Read the final document","Ka ìwé ìkẹyìn náà","Karanta takardar ƙarshe","Gụọ akwụkwọ ikpeazụ","src/components/docs/Toolbar.tsx:188 src/components/docs/menus.ts:78"
"Reading your files…","Lecture de vos fichiers…","We dey read your files…","Ń ka àwọn fáìlì rẹ…","Ana karanta fayilolinka…","Na-agụ faịlụ gị…","src/components/fonts/FontStudio.tsx:159"
"Ready in {days} days","Prêt en {days} jours","E go ready in {days} days","Yóò ṣetán ní ọjọ́ {days}","A shirye cikin kwana {days}","Ga-adị njikere n'ụbọchị {days}","src/components/editor/SendToPrinter.tsx:90"
"Ready in 1 day","Prêt en 1 jour","E go ready in 1 day","Yóò ṣetán ní ọjọ́ kan","A shirye cikin kwana 1","Ga-adị njikere n'ụbọchị 1","src/components/editor/SendToPrinter.tsx:90"
"Ready to print","Prêt à imprimer","Ready to print","Ó ṣetán láti tẹ̀","A shirye don ɗab’i","Dị njikere mbipụta","src/components/design/data.ts:54"
"Ready to request","Prêt à demander","Ready to ask for","Ó ṣetán láti béèrè","A shirye don nema","Dị njikere ịrịọ","src/components/creator/views.tsx:301"
"Real print sizes, with bleed checked for you","Tailles d'impression réelles, avec fond perdu vérifié pour vous","Correct print sizes, and we dey check bleed for you","Ìwọ̀n ìtẹ̀wé gidi, a sì ti ṣàyẹ̀wò bleed fún ọ","Ainihin girman ɗab’i, tare da duba bleed a madadinku","Ogo mbipụta ezi, e lerela bleed maka gị","src/components/auth/AuthShell.tsx:23"
"Real text and shapes that someone else can change in a few taps.","Du vrai texte et des formes que n'importe qui peut modifier en quelques appuis.","Real text and shapes wey another person fit change with few taps.","Ọ̀rọ̀ àti àwòrán gidi tí ẹlòmíràn lè yípadà pẹ̀lú ìtẹ̀ díẹ̀.","Rubutu da siffofi na gaske da wani zai iya canzawa da ƴan dannawa.","Ederede na udi n'ezie nke onye ọzọ nwere ike ịgbanwe n'ịpị ole na ole.","src/data/creators.ts:98"
"Receipt","Reçu","Receipt","Ìwé ìgbàwó","Rasit","Risịtị","src/components/design/data.ts:91 src/data/creator-app.ts:64"
"Receipt book","Carnet de reçus","Receipt book","Ìwé ìgbàwọlé owó","Littafin rasit","Akwụkwọ risiit","src/components/design/data.ts:24 src/data/creator-app.ts:18"
"Receipt Book — Store","Carnet de reçus — Boutique","Receipt Book — Store","Ìwé Ìgbàwó — Ṣọ́ọ̀bù","Littafin Rasit — Shago","Akwụkwọ Risịtị — Ụlọ Ahịa","src/components/design/data.ts:91 src/data/creator-app.ts:64"
"Recent","Récents","Recent","Láìpẹ́ yìí","Na kwanan nan","Ndị ọhụrụ","src/components/docs/Dialogs.tsx:209"
"Recent earnings","Gains récents","Recent earnings","Owó tí o rí láìpẹ́","Kuɗin shiga na kwanan nan","Ego ị rụpụtara n'oge na-adịbeghị anya","src/components/creator/views.tsx:316"
"Recent submissions","Soumissions récentes","Wetin you submit recently","Àwọn tí o fi ránṣẹ́ láìpẹ́","Abubuwan da aka aika kwanan nan","Ihe e bunyere n'oge na-adịbeghị anya","src/components/creator/views.tsx:103"
"Recently edited","Modifiés récemment","Wey you edit last","Tí a ṣàtúnṣe láìpẹ́","An gyara kwanan nan","Edegharịrị n’oge na-adịbeghị anya","src/components/design/views.tsx:177"
"Rectangle","Rectangle","Rectangle","Onígun mẹ́rin","Murabba’in dogo","Akụkụ anọ","src/components/editor/data.ts:54"
"Redo","Rétablir","Redo","Tún ṣe","Sake yi","Megharịa","src/components/editor/EditorShell.tsx:219 src/components/editor/EditorShell.tsx:245 src/components/editor/EditorShell.tsx:269"
"Reference","Référence","Reference","Nọ́ńbà ìtọ́kasí","Lambar nuni","Nọmba ntụaka","src/components/creator/views.tsx:341 src/components/creator/views.tsx:345"
"Regular","Normal","Regular","Déédé","Regular","Regular","src/components/fonts/FontStudio.tsx:11"
"Reject all","Tout rejeter","Reject all","Kọ gbogbo rẹ̀","Ƙi duka","Jụ ha niile","src/components/docs/Dialogs.tsx:243"
"Remove","Retirer","Remove","Yọ kúrò","Cire","Wepụ","src/components/design/overlays.tsx:83"
"Remove {family} from saved","Retirer {family} des enregistrées","Remove {family} from saved","Yọ {family} kúrò nínú àwọn tí a fi pamọ́","Cire {family} daga waɗanda aka ajiye","Wepụ {family} n’ihe echekwara","src/components/fonts/FontsView.tsx:63"
"Remove {name}","Retirer {name}","Remove {name}","Yọ {name} kúrò","Cire {name}","Wepụ {name}","src/components/fonts/FontStudio.tsx:170"
"Remove any file that could not be read.","Retirez tout fichier illisible.","Remove any file wey we no fit read.","Yọ fáìlì èyíkéyìí tí kò ṣeé ka kúrò.","Cire duk fayil ɗin da ba a iya karantawa ba.","Wepụ faịlụ ọ bụla enweghị ike ịgụ.","src/components/fonts/FontStudio.tsx:95"
"Remove link","Supprimer le lien","Remove link","Yọ ìjápọ̀ kúrò","Cire mahaɗi","Wepụ njikọ","src/components/docs/Dialogs.tsx:117"
"Remove star","Retirer le favori","Remove star","Yọ ìràwọ̀ kúrò","Cire tauraro","Wepụ kpakpando","src/components/docs/DocsEditor.tsx:495"
"Rename","Renommer","Rename","Tún orúkọ fún","Sake suna","Gbanwee aha","src/components/docs/menus.ts:37"
"Reopen","Rouvrir","Open again","Tún ṣí","Sake buɗewa","Meghee ọzọ","src/components/docs/DocsEditor.tsx:630"
"Replace","Remplacer","Replace","Rọ̀ padà","Maye gurbi","Dochie","src/components/docs/Dialogs.tsx:58"
"Replace all","Tout remplacer","Replace all","Rọ̀ gbogbo rẹ̀ padà","Maye gurbin duka","Dochie ha niile","src/components/docs/Dialogs.tsx:59"
"Replace with","Remplacer par","Replace with","Rọ̀ padà pẹ̀lú","Maye gurbi da","Dochie na","src/components/docs/Dialogs.tsx:57"
"Replaced","Remplacé","Don replace","A ti rọ̀ ọ́ padà","An maye gurbi","E dochiela","src/components/docs/Dialogs.tsx:40"
"Report a problem","Signaler un problème","Report problem","Ròyìn ìṣòro kan","Bayar da rahoton matsala","Kọọ nsogbu","src/components/docs/menus.ts:250"
"Request a payout","Demander un versement","Ask for payout","Béèrè fún ìsanwó","Nemi biyan kuɗi","Rịọ ịkwụ ụgwọ","src/components/creator/dialogs.tsx:212 src/components/creator/views.tsx:310"
"Request changes","Demander des modifications","Ask for changes","Béèrè fún àtúnṣe","Nemi gyare-gyare","Rịọ mgbanwe","src/components/creator/dialogs.tsx:165 src/components/fonts/FontStudio.tsx:326"
"Request payout","Demander un versement","Ask for payout","Béèrè ìsanwó","Nemi biyan kuɗi","Rịọ ịkwụ ụgwọ","src/components/creator/views.tsx:291"
"Resend code","Renvoyer le code","Send code again","Tún fi kóòdù ránṣẹ́","Sake aika lamba","Ziga koodu ọzọ","src/components/auth/SignupForm.tsx:142"
"Resend code in {s}s","Renvoyer le code dans {s} s","Send code again in {s}s","Tún fi kóòdù ránṣẹ́ ní ìṣẹ́jú-àáyá {s}","Sake aika lamba cikin daƙiƙa {s}","Ziga koodu ọzọ n'ime {s}s","src/components/auth/SignupForm.tsx:142"
"Reset your password","Réinitialisez votre mot de passe","Reset your password","Tún ọ̀rọ̀ aṣínà rẹ ṣe","Sake saita kalmar sirrinku","Megharịa okwuntughe gị","src/components/auth/LoginForm.tsx:65"
"Resolution","Résolution","Resolution","Ìpéye àwòrán","Ƙarfin hoto","Nkọwa foto","src/components/design/overlays.tsx:87"
"Resolution 300 DPI","Résolution 300 DPI","Resolution 300 DPI","Ìpéye 300 DPI","Ƙarfin hoto 300 DPI","Nkọwa foto 300 DPI","src/components/design/overlays.tsx:136"
"Resolve","Résoudre","Resolve","Yanjú","Warware","Dozie","src/components/docs/DocsEditor.tsx:630"
"Restaurant menu","Menu de restaurant","Restaurant menu","Àtòjọ oúnjẹ ilé oúnjẹ","Jerin abincin gidan abinci","Menu ụlọ nri","src/data/creator-app.ts:29"
"Restore","Restaurer","Restore","Dá padà","Maido","Weghachi","src/components/docs/DocsEditor.tsx:569"
"Restore this version","Restaurer cette version","Restore this version","Dá ẹ̀yà yìí padà","Maido da wannan sigar","Weghachi ụdị a","src/components/docs/Dialogs.tsx:196"
"Restricted: only people added","Restreint : uniquement les personnes ajoutées","Restricted: na only people wey dem add fit open","Ààlà: àwọn ènìyàn tí a fi kún nìkan","An taƙaita: mutanen da aka ƙara kawai","Amachibidoro: naanị ndị e tinyere","src/components/docs/Dialogs.tsx:186"
"Resubmit","Soumettre à nouveau","Submit again","Tún fi ránṣẹ́","Sake aikawa","Bunyeghachi","src/components/creator/dialogs.tsx:196 src/components/fonts/FontStudio.tsx:333"
"Resubmit for review","Soumettre à nouveau pour examen","Submit again for review","Tún fi ránṣẹ́ fún àyẹ̀wò","Sake aikawa don dubawa","Bunyeghachi maka nlele","src/components/creator/dialogs.tsx:182 src/components/fonts/FontStudio.tsx:331"
"Resume","CV","Resume","Ìwé àfihàn iṣẹ́ àti ẹ̀kọ́","Tarihin aiki","Resume","src/components/design/data.ts:32"
"Resumes, invoices, reports and letters, written in Ifiok Docs.","CV, factures, rapports et lettres, rédigés dans Ifiok Docs.","Resumes, invoices, reports and letters, wey you write for Ifiok Docs.","Ìwé àfihàn iṣẹ́ àti ẹ̀kọ́, ìwé àkójọ owó, ìròyìn àti lẹ́tà, tí a kọ sínú Ifiok Docs.","Tarihin aiki, takardun buƙatar biya, rahotanni da wasiƙu, da aka rubuta a Ifiok Docs.","Resume, invoice, akụkọ na akwụkwọ ozi, e dere na Ifiok Docs.","src/components/design/overlays.tsx:287"
"Retro","Rétro","Retro","Ti àtijọ́","Na da","Retro","src/data/fonts.ts:7"
"Review","Vérification","Review","Àyẹ̀wò","Dubawa","Nlele","src/components/editor/SendToPrinter.tsx:10 src/components/fonts/FontStudio.tsx:32"
"Review suggested edits","Examiner les modifications suggérées","Check suggested edits","Ṣàyẹ̀wò àwọn àtúnṣe tí a dá lábàá","Duba shawarwarin gyara","Nyochaa mgbanwe e tụrụ aro","src/components/docs/Dialogs.tsx:243 src/components/docs/menus.ts:217"
"RidgeHaus","RidgeHaus","RidgeHaus","RidgeHaus","RidgeHaus","RidgeHaus","src/components/design/data.ts:88"
"RidgeHaus Business Card","Carte de visite RidgeHaus","RidgeHaus Business Card","Káàdì Iṣẹ́ RidgeHaus","Katin Kasuwanci na RidgeHaus","Kaadị Azụmahịa RidgeHaus","src/components/design/data.ts:88"
"Right","Droite","Right","Ọ̀tún","Dama","Aka nri","src/components/docs/Dialogs.tsx:102 src/components/docs/menus.ts:176"
"Right margin","Marge droite","Right margin","Ìhà ọ̀tún","Gefen dama","Ọnụ aka nri","src/components/docs/Ruler.tsx:39"
"Right now the program is open to verified students in Nigeria, NYSC corps members, and individual creators. It is free to join.","Pour l'instant, le programme est ouvert aux étudiants vérifiés au Nigeria, aux membres du corps NYSC et aux créateurs indépendants. L'inscription est gratuite.","For now, the program open to verified students for Nigeria, NYSC corps members, and individual creators. E free to join.","Ní báyìí, ètò yìí wà fún àwọn akẹ́kọ̀ọ́ tí a ti fìdí wọn múlẹ̀ ní Nàìjíríà, àwọn ọmọ ẹgbẹ́ NYSC àti àwọn olùṣẹ̀dá kọ̀ọ̀kan. Ọ̀fẹ́ ni láti darapọ̀.","A yanzu shirin a buɗe yake ga ɗaliban Najeriya da aka tabbatar, ƴan bautar ƙasa na NYSC, da masu ƙirƙira na kai-da-kai. Shiga kyauta ne.","Ugbu a mmemme ahụ meghere maka ụmụ akwụkwọ e kwadoro n'Naịjirịa, ndị corps NYSC, na ndị okike n'onwe ha. Ọ bụ n'efu isonye.","src/data/creators.ts:118"
"Right size, 300 DPI images, enough bleed, and text that is not too close to the edge.","Bon format, images en 300 DPI, fond perdu suffisant et texte pas trop près du bord.","Correct size, 300 DPI images, enough bleed, and text no too near the edge.","Ìwọ̀n tó tọ́, àwòrán 300 DPI, bleed tó tó, àti ọ̀rọ̀ tí kò sún mọ́ etí jù.","Girman da ya dace, hotuna masu 300 DPI, isasshen bleed, da rubutun da bai kusa da gefe ba.","Nha ziri ezi, onyonyo 300 DPI, bleed zuru ezu, na ederede nke na-anọghị nso n'ọnụ ọnụ.","src/data/creators.ts:97"
"Risks","Risques","Risks","Àwọn ewu","Haɗurra","Ihe ize ndụ","src/components/docs/content.ts:14"
"Role","Rôle","Role","Ipa","Matsayi","Ọrụ","src/components/docs/Dialogs.tsx:175"
"Roll-up banner","Roll-up","Roll-up banner","Bánà Roll-up","Banar naɗewa","Roll-up banner","src/components/design/data.ts:20"
"Rounded","Arrondie","Rounded","Oníyíká","Mai zagaye","Gbara okirikiri","src/data/fonts.ts:7"
"Running cost: ₦42,000 a month","Coût de fonctionnement : 42 000 ₦ par mois","Running cost: ₦42,000 every month","Owó ìṣàkóso: ₦42,000 lóṣooṣù","Kuɗin gudanarwa: ₦42,000 a wata","Ọnụ ahịa ọrụ: ₦42,000 kwa ọnwa","src/components/docs/content.ts:11"
"Sample data and example amounts. Your real templates, fonts and earnings load from the live app.","Données et montants d'exemple. Vos vrais modèles, polices et gains se chargent depuis l'application.","Sample data and example amounts. Your real templates, fonts and earnings go show for the live app.","Dátà àpẹẹrẹ àti iye àpẹẹrẹ. Àwọn àwòṣe, fọ́ńtì àti owó tí o rí gidi rẹ máa wá láti inú àpù gidi.","Bayanan misali da adadin kuɗin misali. Ainihin samfuranka, fonts da kuɗin shiga na fitowa daga app ɗin kai tsaye.","Data ihe nlereanya na ego ihe atụ. Template, font na ego ị rụpụtara n’ezie na-abata site n’ngwa ahụ.","src/components/design/DesignApp.tsx:235"
"Sample data. Your real designs, orders and templates load from the live app.","Données d'exemple. Vos vrais designs, commandes et modèles se chargent depuis l'application.","Sample data. Your real designs, orders and templates go show for the live app.","Dátà àpẹẹrẹ. Àwọn àwòrán, àṣẹ àti àwòṣe gidi rẹ máa wá láti inú àpù gidi.","Bayanan misali. Ainihin zanukanka, odar da samfuranka na fitowa daga app ɗin kai tsaye.","Data ihe nlereanya. Design, iwu na template gị n’ezie na-abata site n’ngwa ahụ.","src/components/design/DesignApp.tsx:235"
"Sample open-source font shown for the prototype.","Exemple de police open source affiché pour le prototype.","Sample open-source font wey dem show for the prototype.","Fọ́ńtì open-source àpẹẹrẹ tí a fi hàn fún ìdánwò.","Misalin font na open-source da aka nuna don gwaji.","Font open-source ihe nlereanya egosiri maka prototaịpụ.","src/components/fonts/FontsView.tsx:114"
"Sample photos","Photos d'exemple","Sample photos","Àwọn fọ́tò àpẹẹrẹ","Hotunan misali","Foto ntụle","src/components/editor/EditorShell.tsx:155"
"Sans","Sans serif","Sans","Sans","Sans","Sans","src/data/fonts.ts:6 src/data/fonts.ts:42 src/data/fonts.ts:43"
"Saturday · 10am","Samedi · 10 h","Saturday · 10am","Àbámẹ́ta · 10 àárọ̀","Asabar · 10 na safe","Satọde · 10 ụtụtụ","src/data/creator-app.ts:58"
"Saturday · 11am · Lagos","Samedi · 11 h · Lagos","Saturday · 11am · Lagos","Ọjọ́ Àbámẹ́ta · 11 àárọ̀ · Lagos","Asabar · 11 na safe · Lagos","Satọde · 11am · Lagos","src/components/editor/data.ts:48"
"Saturday · Asọ-ẹbí","Samedi · Asọ-ẹbí","Saturday · Asọ-ẹbí","Àbámẹ́ta · Asọ-ẹbí","Asabar · Asọ-ẹbí","Satọdee · Asọ-ẹbí","src/components/design/data.ts:98"
"Saturday 12 July · 10am","Samedi 12 juillet · 10 h","Saturday 12 July · 10am","Àbámẹ́ta 12 July · 10 àárọ̀","Asabar 12 Yuli · 10 na safe","Satọde 12 Julaị · 10 ụtụtụ","src/components/auth/AuthShell.tsx:28 src/components/editor/data.ts:21 src/components/design/data.ts:62"
"Save","Enregistrer","Save","Fi pamọ́","Ajiye","Chekwaa","src/components/fonts/FontsView.tsx:91"
"Save {family}","Enregistrer {family}","Save {family}","Fi {family} pamọ́","Ajiye {family}","Chekwaa {family}","src/components/fonts/FontsView.tsx:63"
"Save and verify","Enregistrer et vérifier","Save and verify","Fi pamọ́ kí o sì fìdí rẹ̀ múlẹ̀","Ajiye ka tabbatar","Chekwaa ma kwado","src/components/creator/views.tsx:262"
"Save draft","Enregistrer le brouillon","Save draft","Fi àfọwọ́kọ pamọ́","Ajiye daftari","Chekwaa draft","src/components/fonts/FontStudio.tsx:236"
"Save profile","Enregistrer le profil","Save profile","Fi prófáìlì pamọ́","Ajiye profayil","Chekwaa profaịlụ","src/components/creator/views.tsx:407"
"Saved","Enregistrées","Saved","A fi pamọ́","An ajiye","Echekwara","src/components/docs/DocsEditor.tsx:497 src/components/fonts/FontsView.tsx:49 src/components/fonts/FontsView.tsx:91"
"Saved as a draft.","Enregistré comme brouillon.","Don save am as draft.","A fi pamọ́ bí àfọwọ́kọ.","An ajiye a matsayin daftari.","Echekwara ya dịka draft.","src/components/design/DesignApp.tsx:270"
"Saved by Amina","Enregistré par Amina","Amina save am","Amina ló fi pamọ́","Amina ta ajiye","Amina chekwara ya","src/components/docs/content.ts:60"
"Saved by Tunde","Enregistré par Tunde","Tunde save am","Tunde ló fi pamọ́","Tunde ya ajiye","Tunde chekwara ya","src/components/docs/content.ts:59"
"Saved to your Ifiok account","Enregistré dans votre compte Ifiok","Don save am for your Ifiok account","A ti fi pamọ́ sínú àkọọ́lẹ̀ Ifiok rẹ","An adana a asusunka na Ifiok","E chekwara na akaụntụ Ifiok gị","src/components/editor/EditorShell.tsx:241 src/components/docs/DocsEditor.tsx:497"
"Saving…","Enregistrement…","Dey save…","Ń fi pamọ́…","Ana ajiyewa…","Na-echekwa…","src/components/docs/DocsEditor.tsx:497"
"Scan to PDF","Numériser en PDF","Scan to PDF","Ṣíkáànù sí PDF","Scan zuwa PDF","Sikanị gaa PDF","src/components/design/data.ts:157"
"School","École","School","Ilé-ìwé","Makaranta","Ụlọ akwụkwọ","src/components/docs/content.ts:55 src/components/student/StudentView.tsx:97 src/components/student/StudentView.tsx:126"
"School & ID","École et identité","School & ID","Ilé-ìwé àti ìdánimọ̀","Makaranta da shaida","Ụlọ akwụkwọ & ID","src/components/design/data.ts:76 src/components/design/data.ts:95 src/components/design/data.ts:96"
"School and ID sent","École et carte envoyées","School and ID don go","A ti fi ilé-ìwé àti ìdánimọ̀ ránṣẹ́","An aika makaranta da katin shaida","Ezigara ụlọ akwụkwọ na ID","src/components/student/StudentView.tsx:180"
"Scope · Timeline · Price","Périmètre · Calendrier · Prix","Scope · Timeline · Price","Ààlà iṣẹ́ · Àkókò · Iye owó","Faɗin aiki · Jadawalin lokaci · Farashi","Oke ọrụ · Oge · Ọnụ ahịa","src/components/design/data.ts:107"
"Script","Script","Script","Script","Rubutun ado","Script","src/data/fonts.ts:6 src/data/fonts.ts:48 src/data/fonts.ts:49"
"Scroll left","Défiler vers la gauche","Scroll left","Yí sí òsì","Gungura hagu","Hịpụ n’aka ekpe","src/components/design/views.tsx:32"
"Scroll right","Défiler vers la droite","Scroll right","Yí sí ọ̀tún","Gungura dama","Hịpụ n’aka nri","src/components/design/views.tsx:34"
"Search","Rechercher","Search","Wá","Bincika","Chọọ","src/components/design/DesignApp.tsx:187 src/components/design/overlays.tsx:220 src/components/design/overlays.tsx:233"
"Search designs, documents and tools","Rechercher des designs, documents et outils","Search designs, documents and tools","Wá àwọn àwòrán, ìwé àkọsílẹ̀ àti irinṣẹ́","Nemi zane-zane, takardu da kayan aiki","Chọọ design, akwụkwọ na ngwá ọrụ","src/components/design/views.tsx:55"
"Search designs, documents, templates, tools and pages","Rechercher des designs, documents, modèles, outils et pages","Search designs, documents, templates, tools and pages","Wá àwọn àwòrán, ìwé àkọsílẹ̀, àwòṣe, irinṣẹ́ àti ojú ìwé","Nemi zane-zane, takardu, samfura, kayan aiki da shafuka","Chọọ design, akwụkwọ, template, ngwá ọrụ na peeji","src/components/design/overlays.tsx:232"
"Search designs, documents, templates…","Rechercher des designs, documents, modèles…","Search designs, documents, templates…","Wá àwọn àwòrán, ìwé àkọsílẹ̀, àwòṣe…","Nemi zane-zane, takardu, samfura…","Chọọ design, akwụkwọ, template…","src/components/design/DesignApp.tsx:188"
"Search fonts","Rechercher des polices","Search fonts","Wá fọ́ńtì","Bincika fonts","Chọọ font","src/components/fonts/FontsView.tsx:40"
"Search or ask","Rechercher ou demander","Search or ask","Wá tàbí béèrè","Bincika ko ka tambaya","Chọọ ma ọ bụ jụọ","src/components/editor/EditorShell.tsx:246 src/components/editor/EditorShell.tsx:378 src/components/editor/EditorShell.tsx:379"
"Search templates","Rechercher des modèles","Search templates","Wá àwọn àwòṣe","Bincika samfura","Chọọ template","src/components/design/views.tsx:227 src/components/editor/EditorShell.tsx:114"
"Search the menus","Rechercher dans les menus","Search the menus","Wá nínú àwọn mẹ́nù","Bincika menus","Chọọ n’menu","src/components/docs/Toolbar.tsx:94 src/components/docs/Dialogs.tsx:279 src/components/docs/Dialogs.tsx:280"
"Search tools, or ask Ifiok anything","Cherchez des outils, ou demandez n'importe quoi à Ifiok","Search tools, or ask Ifiok anything","Wá àwọn irinṣẹ́, tàbí béèrè ohunkóhun lọ́wọ́ Ifiok","Bincika kayan aiki, ko ka tambayi Ifiok komai","Chọọ ngwa, ma ọ bụ jụọ Ifiok ihe ọ bụla","src/components/editor/EditorShell.tsx:379"
"Search your files","Rechercher dans vos fichiers","Search your files","Wá àwọn fáìlì rẹ","Nemi fayilolinka","Chọọ faịlụ gị","src/components/design/views.tsx:175"
"Search your fonts","Rechercher vos polices","Search your fonts","Wá àwọn fọ́ńtì rẹ","Bincika fonts ɗinka","Chọọ font gị","src/components/fonts/FontStudio.tsx:258"
"Search your templates","Rechercher vos modèles","Search your templates","Wá àwọn àwòṣe rẹ","Bincika samfuranka","Chọọ template gị","src/components/creator/views.tsx:139"
"Secure what you own","Protégez ce qui vous appartient","Protect wetin be your own","Dáàbò bo ohun tí o ní","Kare abin da ke naka","Chebe ihe ị nwere","src/data/apps.ts:33"
"See all","Tout voir","See all","Wo gbogbo rẹ̀","Duba duka","Lee ha niile","src/components/design/views.tsx:100 src/components/design/views.tsx:110 src/components/design/views.tsx:131"
"See how customers go from first visit to paid order.","Voyez comment les clients passent de la première visite à la commande payée.","See how customers dey go from first visit reach paid order.","Wo bí àwọn oníbàárà ṣe ń lọ láti ìbẹ̀wò àkọ́kọ́ dé àṣẹ tí a ti san owó rẹ̀.","Ga yadda abokan ciniki ke tafiya daga ziyararsu ta farko zuwa odar da aka biya.","Lee ka ndị ahịa si site na nleta mbụ ruo iwu e kwụrụ ụgwọ.","src/data/apps.ts:136"
"See how much AI you have used this month","Voir votre utilisation de l'IA ce mois-ci","See how much AI you don use this month","Wo iye AI tí o ti lò ní oṣù yìí","Duba yawan AI da ka yi amfani da shi a wannan wata","Lee ogologo AI ị jiri n’ọnwa a","src/components/design/data.ts:180"
"See it in Earnings","Voir dans Gains","See am for Earnings","Wò ó nínú Owó tí o rí","Duba shi a Kuɗin shiga","Lee ya n’Ego ị rụpụtara","src/components/fonts/FontStudio.tsx:322"
"See it in Payouts","Voir dans Versements","Go see am for Payouts","Wò ó ní Ìsanwó","Duba shi a Biyan kuɗi","Lee ya n'Ịkwụ ụgwọ","src/components/creator/dialogs.tsx:153"
"See printers near me","Voir les imprimeurs près de moi","See printers wey near me","Wo àwọn atẹ̀wé tó wà nítòsí mi","Duba masu bugawa kusa da ni","Hụ ndị na-ebipụta nso m","src/components/editor/SendToPrinter.tsx:129"
"See status","Voir le statut","See status","Wo ipò","Duba matsayi","Lee ọnọdụ","src/components/student/StudentView.tsx:222"
"See the program","Voir le programme","See the program","Wo ètò náà","Duba shirin","Lee mmemme ahụ","src/data/student.ts:12"
"See your payout","Voyez votre versement","See your payout","Wo ìsanwó rẹ","Ga biyan kuɗinka","Lee ịkwụ ụgwọ gị","src/data/creators.ts:34"
"Select a word to look it up.","Sélectionnez un mot pour le rechercher.","Select word to look am up.","Yan ọ̀rọ̀ kan láti wá a.","Zaɓi kalma don neman ta.","Họrọ okwu iji chọta ya.","src/components/docs/DocsEditor.tsx:335"
"Select all","Tout sélectionner","Select all","Yan gbogbo rẹ̀","Zaɓi duka","Họrọ ha niile","src/components/editor/EditorShell.tsx:218 src/components/docs/menus.ts:65 src/components/docs/menus.ts:293"
"Select some text and press the comment button to add one.","Sélectionnez du texte et appuyez sur le bouton de commentaire pour en ajouter un.","Select some text then press di comment button to add one.","Yan ọ̀rọ̀ díẹ̀ kí o sì tẹ bọ́tìnì ọ̀rọ̀ àlàyé láti fi ọ̀kan kún un.","Zaɓi rubutu sannan ka danna maɓallin bayani don ƙara ɗaya.","Họrọ ederede ụfọdụ ma pịa bọtịnụ nkọwa ka ị tinye otu.","src/components/editor/EditorShell.tsx:194"
"Selected: “{text}”","Sélection : « {text} »","Wey you select: “{text}”","A yàn: “{text}”","An zaɓa: “{text}”","E họrọla: “{text}”","src/components/docs/DocsEditor.tsx:642"
"Selection","Sélection","Selection","Ohun tí a yàn","Zaɓaɓɓe","Ihe e họrọ","src/components/docs/Dialogs.tsx:74"
"Selection tools","Outils de sélection","Selection tools","Àwọn irinṣẹ́ ìyàn","Kayan zaɓi","Ngwa nhọrọ","src/components/editor/DesignCanvas.tsx:135"
"Sell","Vendre","Sell","Tà","Sayar","Ree","src/data/apps.ts:31"
"SemiBold","Demi-gras","SemiBold","Wúwo Díẹ̀","SemiBold","SemiBold","src/components/fonts/FontStudio.tsx:11"
"Send","Envoyer","Send","Fi ránṣẹ́","Aika","Zipụ","src/components/editor/EditorShell.tsx:261 src/components/docs/DocsEditor.tsx:515"
"Send reset link","Envoyer le lien de réinitialisation","Send reset link","Fi ìjápọ̀ ìtúntò ránṣẹ́","Aika hanyar sake saiti","Ziga njikọ nrụgharị","src/components/auth/LoginForm.tsx:68"
"Send to a verified printer","Envoyer à un imprimeur vérifié","Send am to verified printer","Fi ránṣẹ́ sí atẹ̀wé tí a ti fìdí rẹ̀ múlẹ̀","Aika wa ingantaccen mai bugawa","Zipụ ya onye na-ebipụta e gosipụtara","src/components/editor/EditorShell.tsx:217 src/components/editor/SendToPrinter.tsx:49 src/components/docs/menus.ts:36"
"Send to printer","Envoyer à un imprimeur","Send am to printer","Fi ránṣẹ́ sí atẹ̀wé","Aika wa mai bugawa","Zipụ onye na-ebipụta","src/components/editor/EditorShell.tsx:261 src/components/docs/DocsEditor.tsx:515"
"Sending…","Envoi…","We dey send…","Ó ń ránṣẹ́…","Ana aikawa…","Na-ezipụ…","src/components/auth/LoginForm.tsx:68"
"Sent to your account","Envoyé sur votre compte","Don enter your account","A fi ránṣẹ́ sí àkáǹtì rẹ","An tura zuwa asusunka","E zigara akaụntụ gị","src/components/creator/views.tsx:303"
"Serif","Serif","Serif","Serif","Serif","Serif","src/data/fonts.ts:6 src/data/fonts.ts:45 src/data/fonts.ts:46"
"Set up payouts","Configurer les versements","Set up payouts","Ṣètò ìsanwó","Shirya biyan kuɗi","Hazie ịkwụ ụgwọ","src/components/creator/views.tsx:93 src/components/creator/views.tsx:230 src/components/creator/views.tsx:293"
"Set-up: ₦185,000 once","Installation : 185 000 ₦ une seule fois","Set-up: ₦185,000 one time","Ìtòlẹ́sẹẹsẹ: ₦185,000 lẹ́ẹ̀kan","Kafawa: ₦185,000 sau ɗaya","Nhazi: ₦185,000 otu ugboro","src/components/docs/content.ts:11"
"Settings","Paramètres","Settings","Ètò","Saituna","Ntọala","src/components/design/data.ts:138"
"Share","Partager","Share","Pín","Raba","Kekọrịta","src/components/editor/EditorShell.tsx:249 src/components/editor/EditorShell.tsx:251 src/components/editor/EditorShell.tsx:270"
"Share ""{name}""","Partager « {name} »","Share ""{name}""","Pín ""{name}""","Raba ""{name}""","Kekọrịta ""{name}""","src/components/docs/Dialogs.tsx:172"
"Share on WhatsApp","Partager sur WhatsApp","Share for WhatsApp","Pín lórí WhatsApp","Raba a WhatsApp","Kekọrịta na WhatsApp","src/components/editor/EditorShell.tsx:254 src/components/docs/Dialogs.tsx:187"
"Share this file","Partager ce fichier","Share dis file","Pín fáìlì yìí","Raba wannan fayil","Kekọrịta faịlụ a","src/components/editor/EditorShell.tsx:252"
"Share your designs","Partager vos designs","Share your designs","Pín àwọn àwòrán rẹ","Raba zanukanka","Kekọrịta design gị","src/components/design/data.ts:179"
"Show document tabs and outline","Afficher les onglets et le plan du document","Show document tabs and outline","Fi àwọn táàbù ìwé àti àkópọ̀ rẹ̀ hàn","Nuna tab ɗin takarda da tsarin kanun labarai","Gosi taabụ akwụkwọ na nkọwa dị mkpụmkpụ","src/components/docs/DocsEditor.tsx:678 src/components/docs/menus.ts:83"
"Show non-printing characters","Afficher les caractères non imprimables","Show non-printing characters","Fi àwọn ohun kikọ tí kì í tẹ̀ hàn","Nuna haruffan da ba a ɗab’i","Gosi mkpụrụedemede anaghị ebipụta","src/components/docs/menus.ts:85"
"Show page dividers","Afficher les séparateurs de page","Show page dividers","Fi àwọn ìpín ojú-ìwé hàn","Nuna masu raba shafi","Gosi nkewa peeji","src/components/docs/menus.ts:84"
"Show password","Afficher le mot de passe","Show password","Fi ọ̀rọ̀ aṣínà hàn","Nuna kalmar sirri","Gosi okwuntughe","src/components/auth/parts.tsx:47"
"Show ruler","Afficher la règle","Show ruler","Fi ìwọ̀n ìlà hàn","Nuna sandar aunawa","Gosi ruler","src/components/docs/menus.ts:82"
"Show the menus","Afficher les menus","Show the menus","Fi àwọn mẹ́nù hàn","Nuna menus","Gosi menu","src/components/docs/DocsEditor.tsx:541"
"Side panel","Panneau latéral","Side panel","Pátákó ẹ̀gbẹ́","Allon gefe","Mpempe n’akụkụ","src/components/docs/DocsEditor.tsx:602"
"Side tools","Outils latéraux","Side tools","Àwọn irinṣẹ́ ẹ̀gbẹ́","Kayan aikin gefe","Ngwa n’akụkụ","src/components/docs/DocsEditor.tsx:674"
"Sidebar","Barre latérale","Sidebar","Pẹpẹ ẹ̀gbẹ́","Sidebar","Sidebar","src/components/design/DesignApp.tsx:201"
"Sign a PDF","Signer un PDF","Sign PDF","Buwọ́lù PDF","Sa hannu a PDF","Banye aka na PDF","src/components/editor/EditorShell.tsx:33"
"Sign this document","Signer ce document","Sign this document","Buwọ́lù ìwé yìí","Sa hannu a wannan takarda","Banye aka n’akwụkwọ a","src/components/docs/menus.ts:122"
"Sign up and verify","Inscrivez-vous et vérifiez","Sign up and verify","Forúkọsílẹ̀ kí o sì fìdí rẹ̀ múlẹ̀","Yi rajista ka tabbatar","Debanye aha ma kwado","src/data/creators.ts:31"
"Sign up with Google","S'inscrire avec Google","Sign up with Google","Forúkọ sílẹ̀ pẹ̀lú Google","Yi rajista da Google","Debanye aha site na Google","src/components/auth/SignupForm.tsx:130"
"Signing opens the PDF tools in the full editor.","La signature ouvre les outils PDF dans l'éditeur complet.","If you sign, e go open PDF tools for the full editor.","Buwọ́lù yóò ṣí àwọn irinṣẹ́ PDF nínú olùṣàtúnṣe kíkún.","Sa hannu yana buɗe kayan aikin PDF a cikakken edita.","Ịbanye aka na-emepe ngwa PDF n’editọ zuru ezu.","src/components/docs/DocsEditor.tsx:268"
"Simulate paid","Simuler le paiement","Pretend say dem don pay","Ṣe àfarawé pé a ti san","Kwaikwayi an biya","Mee ka a kwụrụ ya (nlele)","src/components/creator/views.tsx:347"
"Single","Simple","Single","Ìlọ́po kan","Ɗaya","Otu","src/components/docs/menus.ts:183 src/components/docs/menus.ts:279"
"Size","Format","Size","Ìwọ̀n","Girma","Nha","src/components/design/overlays.tsx:85 src/components/creator/dialogs.tsx:55 src/components/docs/menus.ts:162"
"Size {label}","Taille {label}","Size {label}","Ìwọ̀n {label}","Girma {label}","Nha {label}","src/components/fonts/FontsView.tsx:43"
"Skip to the document","Aller au document","Skip go the document","Fò lọ sí ìwé náà","Tsallake zuwa takardar","Gafee n’akwụkwọ","src/components/docs/DocsEditor.tsx:485"
"Skip to the editor","Aller à l'éditeur","Skip go editor","Lọ tààrà sí olùṣàtúnṣe","Tsallake zuwa edita","Gafee gaa na editor","src/components/editor/EditorShell.tsx:231"
"Smaller","Plus petit","Smaller","Kéré si","Ya fi ƙanƙanta","Pere mpe","src/components/editor/DesignCanvas.tsx:139"
"Smart chips","Puces intelligentes","Smart chips","Àwọn àmì onímọ̀","Smart chips","Smart chips","src/components/docs/menus.ts:116"
"so far","à ce jour","till now","títí di báyìí","zuwa yanzu","ruo ugbu a","src/components/creator/views.tsx:71"
"Social","Réseaux sociaux","Social","Orí ayélujára","Soshiyal","Mgbasa ozi","src/data/creator-app.ts:25 src/data/creator-app.ts:26 src/data/creator-app.ts:32"
"soon","bientôt","soon","láìpẹ́","nan ba da jimawa ba","n’oge na-adịghị anya","src/components/LangMenu.tsx:56"
"Soon","Bientôt","Soon soon","Láìpẹ́","Nan da ɗan lokaci","Na-abịa","src/components/AppsMenu.tsx:56"
"Sort","Trier","Sort","Tò","Jera","Hazie","src/components/design/views.tsx:176"
"Sort printers","Trier les imprimeurs","Sort printers","Tọ́ àwọn atẹ̀wé","Jera masu bugawa","Hazie ndị na-ebipụta","src/components/editor/SendToPrinter.tsx:81"
"Spec","Détails","Spec","Àlàyé iṣẹ́","Bayanin fasali","Nkọwa ngwaahịa","src/components/editor/SendToPrinter.tsx:10 src/components/editor/SendToPrinter.tsx:104"
"Special characters","Caractères spéciaux","Special characters","Àwọn ohun kikọ pàtàkì","Haruffa na musamman","Mkpụrụedemede pụrụ iche","src/components/docs/Dialogs.tsx:142 src/components/docs/menus.ts:131"
"Special Offer","Offre spéciale","Special Offer","Ìfilọ̀ Pàtàkì","Tayi na Musamman","Onyinye Pụrụ Iche","src/components/design/data.ts:86"
"Spelling and grammar check","Vérification orthographique et grammaticale","Spelling and grammar check","Àyẹ̀wò ìkọ̀wé àti gírámà","Duba rubutu da nahawu","Nlele ntụpụ okwu na ụtọasụsụ","src/components/docs/Toolbar.tsx:98 src/components/docs/menus.ts:214"
"Spice Route","Spice Route","Spice Route","Spice Route","Spice Route","Spice Route","src/components/design/data.ts:89"
"Spice Route Card","Carte Spice Route","Spice Route Card","Káàdì Spice Route","Katin Spice Route","Kaadị Spice Route","src/components/design/data.ts:89"
"Spiral bound","Reliure spirale","Spiral bound","Ìdè onígbọ̀nwọ́","Ɗaurin karkace","Ejikọtara na spiral","src/components/editor/data.ts:111"
"Split PDF","Diviser un PDF","Split PDF","Pín PDF","Raba PDF","Kewaa PDF","src/components/design/data.ts:154"
"Spot UV","Vernis UV sélectif","Spot UV","Spot UV","Spot UV","Spot UV","src/components/editor/data.ts:102"
"Square","Carré","Square","Onígun mẹ́rin","Murabba’i","Square","src/data/creator-app.ts:32"
"Staff","Personnel","Staff","Òṣìṣẹ́","Ma’aikaci","Onye ọrụ","src/components/design/data.ts:95"
"Staff ID — Okafor Bakes","Badge employé — Okafor Bakes","Staff ID — Okafor Bakes","Káàdì ìdánimọ̀ òṣìṣẹ́ — Okafor Bakes","Katin ma’aikaci — Okafor Bakes","ID ndị ọrụ — Okafor Bakes","src/components/design/data.ts:64"
"Staff ID Card","Carte d'identité du personnel","Staff ID Card","Káàdì Ìdánimọ̀ Òṣìṣẹ́","Katin Shaida na Ma’aikaci","Kaadị ID Onye Ọrụ","src/components/design/data.ts:95"
"Standard 3.5 × 2 in","Standard 3,5 × 2 in","Standard 3.5 × 2 in","Ìwọ̀n déédé 3.5 × 2 in","Na yau da kullum 3.5 × 2 in","Nha izugbe 3.5 × 2 in","src/components/design/data.ts:15"
"Stapled","Agrafé","Stapled","Tí a fi sítépù dè","Na stepula","E ji stepụlụ jikọta","src/components/editor/data.ts:110"
"Star this document","Marquer ce document d'une étoile","Star this document","Fi ìràwọ̀ sí ìwé yìí","Sa tauraro a wannan takarda","Tinye kpakpando n’akwụkwọ a","src/components/docs/DocsEditor.tsx:495"
"Start a document","Commencer un document","Start document","Bẹ̀rẹ̀ ìwé àkọsílẹ̀ kan","Fara takarda","Malite akwụkwọ","src/components/design/docsViews.tsx:98"
"Start a new design","Commencer un nouveau design","Start new design","Bẹ̀rẹ̀ àwòrán tuntun","Fara sabon zane","Malite design ọhụrụ","src/components/design/views.tsx:57"
"Start a template","Commencer un modèle","Start template","Bẹ̀rẹ̀ àwòṣe","Fara samfuri","Malite template","src/components/creator/views.tsx:99"
"Start from","Partir de","Start from","Bẹ̀rẹ̀ láti","Fara daga","Malite site na","src/components/design/docsViews.tsx:37"
"Start from scratch","Partir de zéro","Start from zero","Bẹ̀rẹ̀ láti òfo","Fara daga tushe","Malite site na mbụ","src/components/design/data.ts:113"
"Start over (prototype)","Recommencer (prototype)","Start again (prototype)","Bẹ̀rẹ̀ lẹ́ẹ̀kan sí i (ìdánwò)","Fara daga farko (gwaji)","Malitegharịa (prototaịpụ)","src/components/student/StudentView.tsx:196"
"Start typing your school's name","Commencez à saisir le nom de votre école","Start to type your school name","Bẹ̀rẹ̀ sí tẹ orúkọ ilé-ìwé rẹ","Fara rubuta sunan makarantarka","Malite ide aha ụlọ akwụkwọ gị","src/components/student/StudentView.tsx:23"
"Status","Statut","Status","Ipò","Matsayi","Ọnọdụ","src/components/design/overlays.tsx:157 src/components/docs/DocsEditor.tsx:656 src/components/creator/dialogs.tsx:133"
"Step {n} of 4 · {name}","Étape {n} sur 4 · {name}","Step {n} for 4 · {name}","Ìgbésẹ̀ {n} nínú 4 · {name}","Mataki na {n} cikin 4 · {name}","Nzọụkwụ {n} n’ime 4 · {name}","src/components/fonts/FontStudio.tsx:124"
"Stephen Fredabel","Stephen Fredabel","Stephen Fredabel","Stephen Fredabel","Stephen Fredabel","Stephen Fredabel","src/components/creator/store.tsx:58"
"Stephenfredabel","Stephenfredabel","Stephenfredabel","Stephenfredabel","Stephenfredabel","Stephenfredabel","src/components/design/data.ts:161"
"Sticker","Autocollant","Sticker","Sítíkà","Sitika","Stika","src/components/design/data.ts:169 src/data/creator-app.ts:16"
"Sticker (SAV)","Autocollant (SAV)","Sticker (SAV)","Sítíkà (SAV)","Sitika (SAV)","Stika (SAV)","src/components/design/data.ts:21"
"Stock images","Banque d'images","Stock images","Àwọn fọ́tò àmúlò","Hotunan kyauta","Foto stock","src/components/design/data.ts:132"
"Story","Story","Story","Story","Labari","Story","src/data/creator-app.ts:26"
"Strikethrough","Barré","Strikethrough","Fa ìlà kọjá ọ̀rọ̀","Layi ta tsakiya","Eriri n’etiti okwu","src/components/docs/Toolbar.tsx:202 src/components/docs/menus.ts:159"
"Strong","Fort","Strong","Lágbára","Mai ƙarfi","Ọ siri ike","src/components/auth/SignupForm.tsx:89"
"Student","Étudiant","Student","Akẹ́kọ̀ọ́","Ɗalibi","Nwa akwụkwọ","src/components/design/DesignApp.tsx:186 src/components/student/StudentView.tsx:208 src/components/student/StudentView.tsx:216"
"Student ID Card","Carte d'étudiant","Student ID Card","Káàdì Ìdánimọ̀ Akẹ́kọ̀ọ́","Katin Shaidar Ɗalibi","Kaadị ID Nwa Akwụkwọ","src/components/design/data.ts:96"
"Student perks","Avantages étudiants","Student perks","Àǹfààní akẹ́kọ̀ọ́","Fa’idodin ɗalibi","Uru nwa akwụkwọ","src/components/design/DesignApp.tsx:55 src/components/design/DesignApp.tsx:156 src/components/student/StudentView.tsx:170"
"Student print offers","Offres d'impression étudiants","Student print offers","Ìdínwó ìtẹ̀wé fún akẹ́kọ̀ọ́","Tayin ɗab’i ga ɗalibai","Nkwado mbipụta ụmụ akwụkwọ","src/data/student.ts:14"
"Student templates","Modèles pour étudiants","Student templates","Àwọn àwòṣe akẹ́kọ̀ọ́","Samfuran ɗalibai","Template ụmụ akwụkwọ","src/data/student.ts:10"
"Studio","Studio","Studio","Sítúdíò","Studio","Studio","src/components/design/DesignApp.tsx:156"
"Style","Style","Style","Ọ̀nà","Salo","Ụdị","src/components/editor/EditorShell.tsx:296 src/components/fonts/FontStudio.tsx:172"
"Styles","Styles","Styles","Àwọn ọ̀nà","Salo-salo","Ụdị","src/components/fonts/FontStudio.tsx:222 src/components/fonts/FontsView.tsx:108"
"Subject","Objet","Subject","Kókó ọ̀rọ̀","Take","Isiokwu","src/components/docs/content.ts:24"
"Submit for review","Envoyer pour vérification","Submit for review","Fi ránṣẹ́ fún àyẹ̀wò","Aika don dubawa","Nyefee maka nlele","src/components/student/StudentView.tsx:138 src/components/creator/dialogs.tsx:182 src/components/creator/dialogs.tsx:196"
"Submit templates, track earnings, request payouts","Soumettre des modèles, suivre vos gains, demander des versements","Submit templates, track Earnings, ask for payout","Fi àwọn àwòṣe ránṣẹ́, tọpa owó tí o rí, béèrè ìsanwó","Aika samfura, bibiyi kuɗin shiga, nemi biyan kuɗi","Nyefee template, soro ego ị rụpụtara, rịọ ịkwụ ụgwọ","src/components/design/data.ts:181"
"Submitted","Soumis","Don submit","A fi ránṣẹ́","An aika","E bunyere","src/components/creator/dialogs.tsx:113 src/components/fonts/FontStudio.tsx:294"
"Submitted {submitted}. {school}. The Ifiok team usually replies within a few working days, and we will let you know here.","Envoyée {submitted}. {school}. L'équipe Ifiok répond généralement sous quelques jours ouvrés, et nous vous préviendrons ici.","You submit am {submitted}. {school}. Ifiok team dey usually reply within few working days, we go tell you here.","A fi ránṣẹ́ {submitted}. {school}. Ẹgbẹ́ Ifiok máa ń fèsì láàrín ọjọ́ iṣẹ́ díẹ̀, a ó sì jẹ́ kí o mọ̀ níbí.","An aika {submitted}. {school}. Ƙungiyar Ifiok na amsawa yawanci cikin ƴan kwanakin aiki, kuma za mu sanar da kai a nan.","Enyefere {submitted}. {school}. Otu Ifiok na-azaghachi n’ime ụbọchị ọrụ ole na ole, anyị ga-agwa gị ebe a.","src/components/student/StudentView.tsx:179"
"Submitted. The Ifiok team will review it.","Soumis. L'équipe Ifiok va l'examiner.","Don submit. Ifiok team go check am.","A ti fi ránṣẹ́. Ẹgbẹ́ Ifiok yóò ṣe àyẹ̀wò rẹ̀.","An aika. Ƙungiyar Ifiok za ta duba shi.","E bunyere. Ndị otu Ifiok ga-ele ya anya.","src/components/creator/store.tsx:114"
"Submitted. The Ifiok team will review your font.","Envoyée. L'équipe Ifiok va vérifier votre police.","Don submit. Ifiok team go check your font.","A ti fi ránṣẹ́. Ẹgbẹ́ Ifiok yóò ṣe àyẹ̀wò fọ́ńtì rẹ.","An aika. Ƙungiyar Ifiok za ta yi dubawa a font ɗinka.","Enyefere. Otu Ifiok ga-enyocha font gị.","src/components/design/DesignApp.tsx:270 src/components/creator/store.tsx:144"
"Submitted. The Ifiok team will review your student ID.","Envoyée. L'équipe Ifiok va vérifier votre carte d'étudiant.","Don submit. Ifiok team go check your student ID.","A ti fi ránṣẹ́. Ẹgbẹ́ Ifiok yóò ṣe àyẹ̀wò káàdì ìdánimọ̀ akẹ́kọ̀ọ́ rẹ.","An aika. Ƙungiyar Ifiok za ta yi dubawa a katin ɗalibinka.","Enyefere. Otu Ifiok ga-enyocha ID nwa akwụkwọ gị.","src/components/student/store.tsx:31"
"Subscript","Indice","Subscript","Ọ̀rọ̀ ìsàlẹ̀ kékeré","Ƙasa-ƙasa","Ntinye ala","src/components/docs/Toolbar.tsx:204 src/components/docs/menus.ts:160"
"Subtitle","Sous-titre","Subtitle","Àkọlé kékeré","Ƙaramin take","Isi okwu nta","src/components/docs/menus.ts:168 src/components/docs/menus.ts:271"
"Suggesting","Suggestion","Suggesting","Ń dá lábàá","Ana shawara","Na-atụ aro","src/components/docs/DocsEditor.tsx:688 src/components/docs/Toolbar.tsx:188 src/components/docs/menus.ts:77"
"Summarise","Résumer","Summarise","Ṣe àkópọ̀","Taƙaita","Chịkọta","src/components/editor/EditorShell.tsx:34 src/components/docs/content.ts:71"
"Summary","Résumé","Summary","Àkótán","Taƙaitawa","Nchịkọta","src/components/docs/content.ts:8 src/components/creator/views.tsx:286"
"Sunday 9am","Dimanche 9 h","Sunday 9am","Ọjọ́ Àìkú 9 àárọ̀","Lahadi 9 na safe","Sọnde 9 ụtụtụ","src/data/creator-app.ts:62"
"Sunday 9am · Surulere","Dimanche 9 h · Surulere","Sunday 9am · Surulere","Ọjọ́ Àìkú 9 àárọ̀ · Surulere","Lahadi 9 na safe · Surulere","Sọnde 9 ụtụtụ · Surulere","src/components/design/data.ts:65"
"Sunday service","Culte du dimanche","Sunday service","Ìsìn Ọjọ́ Àìkú","Ibadar Lahadi","Ofufe Sọndee","src/components/design/data.ts:92"
"Superscript","Exposant","Superscript","Ọ̀rọ̀ òkè kékeré","Sama-sama","Ntinye elu","src/components/docs/Toolbar.tsx:203 src/components/docs/menus.ts:160"
"Support","Assistance","Support","Ìrànlọ́wọ́","Taimako","Enyemaka","src/components/design/data.ts:139"
"Supports the extra letters used in these languages","Prend en charge les lettres supplémentaires de ces langues","E support the extra letters wey dem dey use for these languages","Ó ń ṣe àtìlẹ́yìn fún àwọn lẹ́tà àfikún tí a ń lò nínú àwọn èdè wọ̀nyí","Yana tallafa wa ƙarin haruffan da ake amfani da su a waɗannan harsuna","Na-akwado mkpụrụedemede ndị ọzọ e ji n’asụsụ ndị a","src/components/fonts/parts.tsx:23"
"Surulere print shop","Imprimerie de Surulere","Surulere print shop","Ṣọ́ọ̀bù ìtẹ̀wé Surulere","Shagon ɗab’i na Surulere","Ụlọ mbipụta Surulere","src/components/design/data.ts:119"
"SwiftHaul","SwiftHaul","SwiftHaul","SwiftHaul","SwiftHaul","SwiftHaul","src/components/design/data.ts:90"
"Switch page orientation","Changer l'orientation de la page","Change page orientation","Yí ìdúró ojú-ìwé padà","Sauya yanayin shafi","Gbanwee nhazi peeji","src/components/docs/menus.ts:199"
"Switch to Ifiok Designs","Passer à Ifiok Designs","Switch go Ifiok Designs","Yípadà sí Ifiok Designs","Koma Ifiok Designs","Gbanwee gaa Ifiok Designs","src/components/editor/EditorShell.tsx:221 src/components/docs/DocsEditor.tsx:523"
"Switch to Ifiok Docs","Passer à Ifiok Docs","Switch go Ifiok Docs","Yípadà sí Ifiok Docs","Koma Ifiok Docs","Gbanwee gaa Ifiok Docs","src/components/editor/EditorShell.tsx:221"
"T-shirt print","Impression sur T-shirt","T-shirt print","Ìtẹ̀wé Ṣẹ́ẹ̀tì","Ɗab’in riga","Mbipụta T-shirt","src/components/design/data.ts:25 src/data/creator-app.ts:19"
"Tab {n}","Onglet {n}","Tab {n}","Táàbù {n}","Tab {n}","Taabụ {n}","src/components/docs/DocsEditor.tsx:196"
"Tab 1","Onglet 1","Tab 1","Táàbù 1","Tab 1","Taabụ 1","src/components/docs/DocsEditor.tsx:67"
"Table","Tableau","Table","Tábìlì","Tebur","Tebụl","src/components/editor/DocCanvas.tsx:83 src/components/docs/DocsEditor.tsx:732 src/components/docs/menus.ts:108"
"Table of contents","Table des matières","Table of contents","Àtòjọ àkóónú","Jerin abubuwan ciki","Ndepụta ọdịnaya","src/components/docs/DocsEditor.tsx:297 src/components/docs/menus.ts:145"
"Table size","Taille du tableau","Table size","Ìwọ̀n tábìlì","Girman tebur","Nha tebụl","src/components/docs/MenuBar.tsx:54"
"Tags","Mots-clés","Tags","Àwọn àmì","Alamomi","Mkpado","src/components/fonts/FontStudio.tsx:145"
"Take the photo in good light and make sure your name and photo are readable.","Prenez la photo avec une bonne lumière et vérifiez que votre nom et votre photo sont lisibles.","Snap the photo for good light and make sure say dem fit read your name and see your photo well.","Yá fọ́tò náà níbi tí ìmọ́lẹ̀ ti dára, kí o sì rí i dájú pé orúkọ àti fọ́tò rẹ ṣe é kà.","Ɗauki hoton a wuri mai haske ka tabbata sunanka da hotonka ana iya karantawa.","Sere foto n’ezigbo ìhè ma jide n’aka na aha na foto gị pụrụ ịgụ.","src/components/student/StudentView.tsx:118"
"Tap to replace","Touchez pour remplacer","Tap to change am","Fọwọ́ kàn láti paradà","Danna don maye gurbin","Pịa ka ịgbanwe","src/components/student/StudentView.tsx:114"
"Tap to upload your school ID","Touchez pour importer votre carte d'étudiant","Tap to upload your school ID","Fọwọ́ kàn láti gbé káàdì ìdánimọ̀ ilé-ìwé rẹ sókè","Danna don ɗora katin makarantarka","Pịa ka ịbulite ID ụlọ akwụkwọ gị","src/components/student/StudentView.tsx:114"
"Template","Modèle","Template","Àwòṣe","Samfuri","Template","src/components/creator/views.tsx:327"
"Template applied","Modèle appliqué","Template don apply","A ti lo àwòṣe náà","An yi amfani da samfuri","E tinyere template","src/components/editor/EditorShell.tsx:117 src/components/editor/EditorShell.tsx:126"
"Template gallery","Galerie de modèles","Template gallery","Ibi àwòṣe","Gidan samfura","Ebe ngosi template","src/components/design/views.tsx:85"
"Templates","Modèles","Templates","Àwọn àwòṣe","Samfura","Template","src/components/design/DesignApp.tsx:156 src/components/design/views.tsx:226 src/components/design/overlays.tsx:206"
"templates and fonts","modèles et polices","templates and fonts","àwọn àwòṣe àti fọ́ńtì","samfuri da font","template na font","src/components/creator/views.tsx:36 src/components/creator/views.tsx:68"
"Terms","conditions d'utilisation","Terms","Òfin","Sharuɗɗa","Ụkpụrụ Ojiji","src/components/auth/SignupForm.tsx:126"
"Text","Texte","Text","Ọ̀rọ̀","Rubutu","Ederede","src/components/editor/EditorShell.tsx:24 src/components/docs/Dialogs.tsx:118 src/components/docs/menus.ts:157"
"Text colour","Couleur du texte","Text colour","Àwọ̀ ọ̀rọ̀","Launin rubutu","Agba ederede","src/components/docs/Toolbar.tsx:136 src/components/docs/Toolbar.tsx:137"
"Text is editable","Le texte est modifiable","Person fit edit the text","A lè ṣe àtúnṣe ọ̀rọ̀ inú rẹ̀","Ana iya gyara rubutun","Ederede nwere ike idezigharị","src/components/creator/dialogs.tsx:185"
"Text or images this close to the edge can be cut when trimmed.","Un texte ou des images aussi proches du bord peuvent être coupés au rognage.","Text or images wey close reach di edge fit cut when dem dey trim am.","Ọ̀rọ̀ tàbí àwòrán tó sún mọ́ etí báyìí lè bọ́ nígbà tí a bá gé ìwé náà.","Rubutu ko hotuna da ke kusa da gefe haka za a iya yanke su lokacin gyaran gefe.","Ederede ma ọ bụ foto nọ nso n'ọnụ ọnụ nwere ike ịbepụ mgbe a na-eme nkpa.","src/components/editor/useDesign.ts:48"
"Text tools","Outils de texte","Text tools","Àwọn irinṣẹ́ ọ̀rọ̀","Kayan rubutu","Ngwa ederede","src/components/editor/DocCanvas.tsx:66 src/components/docs/DocsEditor.tsx:713"
"Thank you","Merci","Thank you well well","Ẹ ṣeun","Na gode","Daalụ","src/components/design/data.ts:83"
"Thank-You Card","Carte de remerciement","Thank-You Card","Káàdì Ọpẹ́","Katin Godiya","Kaadị Ekele","src/components/design/data.ts:83"
"Thanksgiving","Action de grâce","Thanksgiving","Ìdúpẹ́","Godiya ga Allah","Ekele Chineke","src/components/design/data.ts:92"
"Thanksgiving Programme","Programme d'action de grâce","Thanksgiving Programme","Ètò Ìdúpẹ́","Shirin Godiya ga Allah","Usoro Ofufe Ekele","src/components/design/data.ts:92 src/data/creator-app.ts:62"
"Thanksgiving Service","Culte d'action de grâce","Thanksgiving Service","Ìsìn Ọpẹ́","IBADAR GODIYA","Ọrụ Ekele","src/components/design/data.ts:65 src/data/creator-app.ts:62"
"Thanksgiving Service — programme","Culte d'action de grâce — programme","Thanksgiving Service — programme","Ìsìn Ọpẹ́ — ètò ìsìn","Ibadar Godiya — shirin ibada","Ọrụ Ekele — usoro mmemme","src/components/design/data.ts:65 src/components/design/data.ts:119"
"That email does not look right.","Cet e-mail ne semble pas correct.","That email no look right.","Ímeèlì yẹn kò dà bí èyí tó tọ́.","Wannan imel ɗin bai yi daidai ba.","Ozi ịntanetị ahụ adịghị ka o kwesịrị.","src/components/auth/LoginForm.tsx:23 src/components/auth/LoginForm.tsx:38 src/components/auth/SignupForm.tsx:72"
"That file is over 5 MB. Choose a smaller photo.","Ce fichier dépasse 5 Mo. Choisissez une photo plus légère.","That file pass 5 MB. Choose smaller photo.","Fáìlì yẹn ju 5 MB lọ. Yan fọ́tò tó kéré jù.","Wannan fayil ya wuce 5 MB. Zaɓi hoto mafi ƙanƙanta.","Faịlụ ahụ karịrị 5 MB. Họrọ foto pere mpe.","src/components/student/StudentView.tsx:69"
"The document has content","Le document contient du contenu","The document get content","Ìwé náà ní àkóónú","Takardar tana da abun ciki","Akwụkwọ ahụ nwere ọdịnaya","src/components/docs/DocsEditor.tsx:177"
"The document is empty","Le document est vide","The document empty","Ìwé náà ṣófo","Takardar babu komai","Akwụkwọ ahụ tọgbọrọ n’efu","src/components/docs/DocsEditor.tsx:177"
"The Ifiok team is reviewing this font. Reviews take about 5 working days.","L'équipe Ifiok vérifie cette police. La vérification prend environ 5 jours ouvrés.","Ifiok team dey check this font. Review dey take like 5 working days.","Ẹgbẹ́ Ifiok ń ṣe àyẹ̀wò fọ́ńtì yìí. Àyẹ̀wò máa ń gba bí ọjọ́ iṣẹ́ 5.","Ƙungiyar Ifiok na dubawa a wannan font. Dubawa na ɗaukar kusan kwanakin aiki 5.","Otu Ifiok na-enyocha font a. Nlele na-ewe ihe dị ka ụbọchị ọrụ 5.","src/components/fonts/FontStudio.tsx:324"
"The Ifiok team is reviewing this template. Reviews take {reviewTime}.","L'équipe Ifiok examine ce modèle. L'examen prend {reviewTime}.","Ifiok team dey check this template. Review dey take {reviewTime}.","Ẹgbẹ́ Ifiok ń ṣe àyẹ̀wò àwòṣe yìí. Àyẹ̀wò máa ń gba {reviewTime}.","Ƙungiyar Ifiok tana duba wannan samfuri. Dubawa na ɗaukar {reviewTime}.","Ndị otu Ifiok na-ele template a anya. Nlele na-ewe {reviewTime}.","src/components/creator/dialogs.tsx:160"
"The Ifiok team reviews each payout request and pays by bank transfer to your verified account. You can follow it on the History tab.","L'équipe Ifiok examine chaque demande de versement et paie par virement bancaire sur votre compte vérifié. Suivez-la dans l'onglet Historique.","Ifiok team dey check each payout request and dem go pay by bank transfer enter your verified account. You fit follow am for History tab.","Ẹgbẹ́ Ifiok máa ń ṣe àyẹ̀wò ìbéèrè ìsanwó kọ̀ọ̀kan, wọ́n sì máa ń sanwó nípasẹ̀ ìfiránṣẹ́ báńkì sí àkáǹtì rẹ tí a ti fìdí rẹ̀ múlẹ̀. O lè tẹ̀lé e ní àpólà Ìtàn.","Ƙungiyar Ifiok tana duba kowace buƙatar biyan kuɗi, kuma tana biya ta tura kuɗi ta banki zuwa asusunka da aka tabbatar. Za ka iya bin diddiginsa a shafin Tarihi.","Ndị otu Ifiok na-ele arịrịọ ịkwụ ụgwọ ọ bụla anya ma na-akwụ ụgwọ site n'ịkwụ ego na akaụntụ banki gị e kwadoro. Ị nwere ike soro ya na taabụ History.","src/components/creator/dialogs.tsx:220"
"The Ifiok team reviews every font. If it is approved, a one-off payment is added to your earnings.","L'équipe Ifiok vérifie chaque police. Si elle est approuvée, un paiement unique est ajouté à vos gains.","Ifiok team dey check every font. If dem approve am, dem go add one-time payment to your earnings.","Ẹgbẹ́ Ifiok ń ṣe àyẹ̀wò gbogbo fọ́ńtì. Tí a bá fọwọ́ sí i, a ó fi ìsanwó ẹ̀ẹ̀kan kún owó tí o rí.","Ƙungiyar Ifiok na yin dubawa a kowane font. Idan an amince, ana ƙara biyan kuɗi na sau ɗaya a kuɗin shigarka.","Otu Ifiok na-enyocha font ọ bụla. Ọ bụrụ na e kwenyere, a na-agbakwunye ụgwọ otu ugboro n’ego ị rụpụtara.","src/components/fonts/FontStudio.tsx:226"
"The Ifiok team reviews every submission for quality, originality and print readiness.","L'équipe Ifiok examine chaque soumission pour sa qualité, son originalité et sa prise en charge à l'impression.","Ifiok team dey check every submission for quality, originality and if e ready to print.","Ẹgbẹ́ Ifiok máa ń ṣe àyẹ̀wò gbogbo iṣẹ́ tí a fi ránṣẹ́ fún ìdára, ìṣẹ̀dá tòótọ́ àti ìmúrasílẹ̀ fún ìtẹ̀wé.","Ƙungiyar Ifiok tana duba duk abin da aka aika don ingancinsa, asalinsa da kuma shirinsa na ɗab’i.","Ndị otu Ifiok na-ele ihe niile e bunyere anya maka àgwà, ịbụ nke mbụ na ịdị njikere mbipụta.","src/data/creators.ts:33"
"The Ifiok team. Every submission is reviewed for quality, originality and print readiness before it is approved.","L'équipe Ifiok. Chaque soumission est examinée pour sa qualité, son originalité et sa prise en charge à l'impression avant d'être approuvée.","Ifiok team. Dem dey check every submission for quality, originality and if e ready to print before dem approve am.","Ẹgbẹ́ Ifiok. A máa ń ṣe àyẹ̀wò gbogbo iṣẹ́ tí a fi ránṣẹ́ fún ìdára, ìṣẹ̀dá tòótọ́ àti ìmúrasílẹ̀ fún ìtẹ̀wé kí a tó fọwọ́ sí i.","Ƙungiyar Ifiok. Ana duba duk abin da aka aika don inganci, asali da shirin ɗab’i kafin a amince da shi.","Ndị otu Ifiok. A na-ele ihe niile e bunyere anya maka àgwà, ịbụ nke mbụ na ịdị njikere mbipụta tupu e kwenye.","src/data/creators.ts:119"
"The layout is too close to an existing template. Please make it your own and try again.","La mise en page ressemble trop à un modèle existant. Merci de la rendre originale et de réessayer.","The layout resemble another template too much. Abeg make am your own and try again.","Ìṣètò rẹ̀ jọ àwòṣe tó ti wà tẹ́lẹ̀ jù. Jọ̀wọ́ ṣe é kí ó jẹ́ tìrẹ, kí o sì tún gbìyànjú.","Tsarin ya yi kama da wani samfuri da ke akwai. Da fatan ka yi naka na daban ka sake gwadawa.","Nhazi ahụ yiri template dị adị nke ukwuu. Biko mee ya nke gị ma nwaa ọzọ.","src/data/creator-app.ts:64"
"The letters ẹ and ọ are missing their dots. Please add them, or remove the Yorùbá tick, then resubmit.","Les lettres ẹ et ọ n'ont pas leurs points. Ajoutez-les, ou retirez la coche Yorùbá, puis soumettez à nouveau.","The letters ẹ and ọ no get their dots. Abeg add dem, or remove the Yorùbá tick, then submit again.","Àwọn lẹ́tà ẹ àti ọ kò ní ẹ̀fọn abẹ́ wọn. Jọ̀wọ́ fi wọ́n kún un, tàbí yọ àmì Yorùbá kúrò, lẹ́yìn náà tún fi ránṣẹ́.","Haruffan ẹ da ọ ba su da digonsu. Da fatan ka ƙara su, ko ka cire alamar Yorùbá, sannan ka sake aikawa.","Mkpụrụedemede ẹ na ọ enweghị ntụpọ ha. Biko tinye ha, ma ọ bụ wepụ akara Yorùbá, wee bunyeghachi.","src/data/fonts.ts:60"
"The timeline looks tight. Maybe add a week for training.","Le calendrier semble serré. Ajoutez peut-être une semaine pour la formation.","The timeline looks tight. Maybe add a week for training.","Àkókò náà dàbí ẹni pé ó há jù. Bóyá kí a fi ọ̀sẹ̀ kan kún un fún ìkẹ́kọ̀ọ́.","Jadawalin lokaci ya yi tsauri. Wataƙila a ƙara mako ɗaya don horo.","Oge ahụ dị ka nke dị warawara. Eleghị anya tinye otu izu maka ọzụzụ.","src/components/docs/content.ts:68 src/components/editor/data.ts:82"
"Theme","Thème","Theme","Ìrísí","Jigo","Ọdịdị","src/components/design/DesignApp.tsx:204 src/components/editor/EditorShell.tsx:272 src/components/docs/DocsEditor.tsx:525"
"There are no suggested edits. Switch to Suggesting mode to make some.","Il n'y a aucune modification suggérée. Passez en mode Suggestion pour en faire.","No suggested edit dey. Change to Suggesting mode to make some.","Kò sí àtúnṣe tí a dá lábàá. Yí padà sí ọ̀nà ìdálábàá láti ṣe díẹ̀.","Babu shawarwarin gyara. Koma yanayin Shawara don yin wasu.","Enweghị mgbanwe e tụrụ aro. Gbanwee gaa n’ụdị Na-atụ aro iji mee ụfọdụ.","src/components/docs/Dialogs.tsx:244"
"This document goes to the trash. You can restore it for 30 days.","Ce document sera placé dans la corbeille. Vous pourrez le restaurer pendant 30 jours.","This document go enter trash. You fit restore am for 30 days.","Ìwé yìí yóò lọ sí àpótí ìdọ̀tí. O lè dá a padà láàrin ọgbọ̀n ọjọ́.","Wannan takarda za ta tafi shara. Za ka iya maido da ita cikin kwanaki 30.","Akwụkwọ a ga-aga n’mkpofu. Ị nwere ike iweghachi ya n’ime ụbọchị 30.","src/components/docs/DocsEditor.tsx:760"
"This document is available offline.","Ce document est disponible hors connexion.","This document dey work offline.","Ìwé yìí wà láìsí íńtánẹ́ẹ̀tì.","Wannan takarda tana nan ba tare da intanet ba.","Akwụkwọ a dị n’ejighị ịntanetị.","src/components/docs/DocsEditor.tsx:244"
"This document is in the trash.","Ce document est dans la corbeille.","This document dey inside trash.","Ìwé yìí wà nínú àpótí ìdọ̀tí.","Wannan takarda tana cikin shara.","Akwụkwọ a nọ n’mkpofu.","src/components/docs/DocsEditor.tsx:569"
"This is my own original work.","Il s'agit de mon œuvre originale.","Na my own original work be this.","Iṣẹ́ mi ni èyí, èmi fúnra mi ni mo ṣe é.","Wannan aikina ne na asali.","Nke a bụ ọrụ m n'onwe m.","src/components/creator/dialogs.tsx:187"
"This is the only time we ask for bank details. They stay private and are used only to pay you.","C'est la seule fois où nous demandons vos coordonnées bancaires. Elles restent privées et ne servent qu'à vous payer.","Na only this time we go ask for bank details. E go stay private and we go use am only to pay you.","Èyí nìkan ni ìgbà tí a máa béèrè àlàyé báńkì rẹ. Ó máa wà ní ìkọ̀kọ̀, a ó sì lò ó láti sanwó fún ọ nìkan.","Wannan ne lokaci ɗaya tilo da muke neman bayanan banki. Suna zama na sirri kuma ana amfani da su ne kawai wajen biyanka.","Nke a bụ naanị oge anyị na-ajụ nkọwa banki. Ha ga-abụ nzuzo ma a ga-eji ha kwụọ gị ụgwọ naanị.","src/components/creator/views.tsx:232"
"This is too close to an existing template. Please make it your own.","Ce modèle ressemble trop à un modèle existant. Merci de le rendre original.","This one resemble another template too much. Abeg make am your own.","Èyí jọ àwòṣe tó ti wà tẹ́lẹ̀ jù. Jọ̀wọ́ ṣe é kí ó jẹ́ tìrẹ.","Wannan ya yi kama da wani samfuri da ke akwai. Da fatan ka yi naka na daban.","Nke a yiri template dị adị nke ukwuu. Biko mee ya nke gị.","src/components/creator/store.tsx:127"
"This is your public creator page.","Voici votre page publique de créateur.","Na your public creator page be this.","Èyí ni ojú-ìwé olùṣẹ̀dá rẹ tí gbogbo ènìyàn lè rí.","Wannan shafinka ne na jama’a a matsayin mai ƙirƙira.","Nke a bụ ibe onye okike gị nke ọha na eze nwere ike ịhụ.","src/components/creator/views.tsx:388"
"This month at a glance","Le mois en un coup d'œil","This month for short","Oṣù yìí ní kúkúrú","Wannan wata a taƙaice","Onyinyo nke ọnwa a","src/components/design/data.ts:110"
"This month's theme","Thème du mois","This month theme","Àkòrí oṣù yìí","Jigon wannan wata","Isiokwu nke ọnwa a","src/components/creator/views.tsx:96"
"This opens the PDF tools in the full editor.","Ceci ouvre les outils PDF dans l'éditeur complet.","Dis go open di PDF tools for di full editor.","Èyí yóò ṣí àwọn irinṣẹ́ PDF nínú olùṣàtúnṣe kíkún.","Wannan yana buɗe kayan PDF a cikin cikakken edita.","Nke a na-emeghe ngwa PDF n'ime editor zuru ezu.","src/components/editor/EditorShell.tsx:200"
"This screen is part of the live app. The prototype shows Home, My files, Templates and Orders.","Cet écran fait partie de l'application. Le prototype montre Accueil, Mes fichiers, Modèles et Commandes.","Dis screen dey inside the live app. The prototype just show Home, My files, Templates and Orders.","Ojú-ìwé yìí wà nínú àpù gidi. Àpẹẹrẹ yìí ń fi Ilé, Àwọn fáìlì mi, Àwọn àwòṣe àti Àwọn àṣẹ hàn.","Wannan shafin yana cikin app ɗin kai tsaye. Samfurin gwaji yana nuna Gida, Fayilolina, Samfura da Odar.","Ihuenyo a bụ akụkụ nke ngwa ahụ n’ezie. Prototaịpụ na-egosi Ụlọ, Faịlụ m, Template na Iwu.","src/components/design/views.tsx:260"
"THIS WEEKEND","CE WEEK-END","THIS WEEKEND","ÒPIN ỌSẸ̀ YÌÍ","WANNAN KARSHEN MAKON","NGWỤCHA IZU A","src/components/editor/data.ts:38"
"This weekend only","Ce week-end seulement","Dis weekend only","Ìparí ọ̀sẹ̀ yìí nìkan","Wannan ƙarshen mako kawai","Njedebe izu a nanị","src/components/design/data.ts:87"
"This works in the full editor. It is a preview here.","Cela fonctionne dans l'éditeur complet. Ici, il s'agit d'un aperçu.","This one dey work for the full editor. Na preview be this one.","Èyí ń ṣiṣẹ́ nínú olùṣàtúnṣe kíkún. Àkọ́wò ni níbí.","Wannan yana aiki a cikakken edita. Samfoti ne a nan.","Nke a na-arụ ọrụ n’editọ zuru ezu. Ọ bụ nlele ebe a.","src/components/docs/DocsEditor.tsx:204"
"Three columns","Trois colonnes","Three columns","Òpó mẹ́ta","Ginshiƙai uku","Kọlọm atọ","src/components/docs/Dialogs.tsx:95 src/components/docs/menus.ts:189"
"Timeline","Chronologie","Timeline","Àkókò iṣẹ́","Jadawalin lokaci","Usoro oge","src/components/docs/content.ts:12"
"Title","Titre","Title","Àkọlé","Take","Aha isiokwu","src/components/docs/menus.ts:168 src/components/docs/menus.ts:270"
"Title · Department · Session","Titre · Département · Session","Title · Department · Session","Àkọlé · Ẹ̀ka · Ọdún ẹ̀kọ́","Take · Sashe · Zangon karatu","Aha · Ngalaba · Oge akwụkwọ","src/components/design/data.ts:105"
"Title Case","Initiales En Majuscules","Title Case","Lẹ́tà ńlá ní ìbẹ̀rẹ̀ ọ̀rọ̀ kọ̀ọ̀kan","Harafin farko babba","Mkpụrụedemede Mbụ Ukwu","src/components/docs/menus.ts:163"
"To","À","To","Sí","Zuwa","Nye","src/components/docs/content.ts:24"
"To · From · Subject","À · De · Objet","To · From · Subject","Sí · Láti ọ̀dọ̀ · Kókó ọ̀rọ̀","Zuwa ga · Daga wurin · Maudu’i","Onye ọ bụ nye · Site na · Isiokwu","src/components/design/data.ts:109"
"to request","à demander","to ask for","láti béèrè","don nema","iji rịọ","src/components/creator/views.tsx:35 src/components/creator/views.tsx:70"
"Today","Aujourd'hui","Today","Òní","Yau","Taa","src/components/creator/store.tsx:113 src/components/creator/store.tsx:120 src/components/creator/store.tsx:121"
"Today, 9:41 am","Aujourd'hui, 9:41","Today, 9:41 am","Lónìí, 9:41 àárọ̀","Yau, 9:41 na safe","Taa, 9:41 n’ụtụtụ","src/components/docs/content.ts:59"
"Together","Ensemble","Together","Papọ̀","Tare","Ọnụ","src/components/design/data.ts:99"
"Tools","Tools","Tools","Àwọn irinṣẹ́","Kayan aiki","Ngwa ọrụ","src/components/editor/EditorShell.tsx:281 src/components/editor/EditorShell.tsx:370 src/components/docs/menus.ts:213"
"Top","Haut","Top","Òkè","Sama","Elu","src/components/docs/Dialogs.tsx:102"
"Top rated","Les mieux notés","Top rated","Tó ní ìdíyelé gíga jù","Mafi yabo","Kacha mma e tụrụ","src/components/editor/SendToPrinter.tsx:11 src/components/editor/data.ts:88"
"Total","Total","Total","Àpapọ̀","Jimilla","Ngụkọta","src/components/editor/SendToPrinter.tsx:108 src/components/docs/content.ts:26 src/components/creator/views.tsx:332"
"Track in Orders","Suivre dans Commandes","Track am for Orders","Tọpa nínú Àwọn Àṣẹ","Bibiya a Odoji","Soro na Iwu","src/components/editor/SendToPrinter.tsx:120"
"Track in the live app","Suivre dans l'application","Track am for the live app","Tọpa nínú àpù gidi","Bibiya a app ɗin kai tsaye","Soro n’ngwa ahụ","src/components/design/parts.tsx:117"
"Track scans from the dashboard","Suivez les scans depuis le tableau de bord","Track scans from di dashboard","Tọpa àwọn ìṣàyẹ̀wò láti pátákó ìṣàkóso","Bibiyi sikan daga dashboard","Soro scan site na dashboard","src/components/editor/EditorShell.tsx:178"
"Trackable QR","QR code suivi","QR wey you fit track","QR tí a lè tọpa","QR mai bin diddigi","QR enwere ike soro","src/components/design/data.ts:134"
"Traditional wedding","Mariage traditionnel","Traditional wedding","Ìgbéyàwó ìbílẹ̀","Auren gargajiya","Igba Nkwu","src/components/editor/data.ts:47 src/components/design/data.ts:66 src/data/creator-app.ts:66"
"Traditional Wedding","Mariage traditionnel","Traditional Wedding","Ìgbéyàwó Ìbílẹ̀","Bikin Aure na Gargajiya","Igba Nkwụ","src/components/design/data.ts:98"
"Training and tips","Formation et conseils","Training and tips","Ìdánilẹ́kọ̀ọ́ àti ìmọ̀ràn","Horo da shawarwari","Ọzụzụ na ndụmọdụ","src/components/docs/menus.ts:247"
"Translate this document","Traduire ce document","Translate this document","Túmọ̀ ìwé yìí","Fassara wannan takarda","Sụgharịa akwụkwọ a","src/components/docs/menus.ts:221"
"Translate to Yorùbá","Traduire en yorùbá","Translate to Yorùbá","Túmọ̀ sí Yorùbá","Fassara zuwa Yarbanci","Sụgharịa gaa Yorùbá","src/components/editor/EditorShell.tsx:34 src/components/docs/content.ts:71"
"Try again","Réessayer","Try again","Gbìyànjú lẹ́ẹ̀kan sí i","Sake gwadawa","Nwaa ọzọ","src/components/auth/LoginForm.tsx:78"
"Try another word or clear a filter.","Essayez un autre mot ou effacez un filtre.","Try another word or clear filter.","Gbìyànjú ọ̀rọ̀ míì tàbí pa àṣàyàn rẹ́.","Gwada wata kalma ko share matattara.","Gbalịa okwu ọzọ ma ọ bụ hichapụ nchọpụta.","src/components/fonts/FontsView.tsx:53"
"Try another word or status.","Essayez un autre mot ou statut.","Try another word or status.","Gbìyànjú ọ̀rọ̀ tàbí ipò míì.","Gwada wata kalma ko wani matsayi.","Gbalịa okwu ọzọ ma ọ bụ ọnọdụ ọzọ.","src/components/design/views.tsx:199 src/components/creator/views.tsx:159 src/components/fonts/FontStudio.tsx:263"
"Try another word.","Essayez un autre mot.","Try another word.","Gbìyànjú ọ̀rọ̀ míì.","Gwada wata kalma.","Gbalịa okwu ọzọ.","src/components/design/views.tsx:231"
"Try it in a design","L'essayer dans un design","Try am for design","Gbìyànjú rẹ̀ nínú àwòrán","Gwada shi a zane","Nwaa ya n’ime design","src/components/fonts/FontStudio.tsx:308"
"Try your own words","Essayez vos propres mots","Try your own words","Gbìyànjú ọ̀rọ̀ tìrẹ","Gwada naka kalmomin","Nwaa okwu nke gị","src/components/fonts/FontsView.tsx:93"
"Turn a PDF into an editable document","Transformer un PDF en document modifiable","Turn PDF to document wey you fit edit","Sọ PDF di ìwé àkọsílẹ̀ tí a lè ṣàtúnṣe","Mayar da PDF takarda mai iya gyarawa","Tụgharịa PDF ka ọ bụrụ akwụkwọ a nwere ike ịdezi","src/components/design/docsViews.tsx:93"
"Two columns","Deux colonnes","Two columns","Òpó méjì","Ginshiƙai biyu","Kọlọm abụọ","src/components/docs/Dialogs.tsx:95 src/components/docs/menus.ts:189"
"Type","Type","Type","Irú","Nau’i","Ụdị","src/components/docs/Dialogs.tsx:219 src/components/creator/dialogs.tsx:54 src/components/creator/views.tsx:140"
"Type here","Saisir ici","Type here","Tẹ̀ síbí","Rubuta a nan","Dee ebe a","src/components/fonts/FontsView.tsx:93"
"Type specimen","Spécimen typographique","Type specimen","Àpẹẹrẹ fọ́ńtì","Samfurin nuna font","Ihe atụ mkpụrụedemede","src/data/creator-app.ts:35"
"Type your own words to preview","Saisissez vos propres mots pour l'aperçu","Type your own words to preview","Tẹ ọ̀rọ̀ tìrẹ láti wò ó","Rubuta naka kalmomin don samfoti","Dee okwu nke gị ka ị hụ ya","src/components/fonts/FontsView.tsx:41"
"Under 240 DPI looks soft in print. Make it smaller or use a sharper photo.","En dessous de 240 DPI, l'impression paraît floue. Réduisez la taille ou utilisez une photo plus nette.","Anything under 240 DPI go look soft for print. Make am smaller or use better photo.","Ohun tó bá wà lábẹ́ 240 DPI máa ń dàbí aláìmọ́lẹ̀ nínú ìtẹ̀wé. Dín in kù tàbí lo fọ́tò tó mọ́lẹ̀ jù.","Ƙasa da DPI 240 yana fita a dishe a bugu. Rage girmansa ko ka yi amfani da hoto mai kaifi.","N'okpuru 240 DPI na-adị nro n'ihe e bipụtara. Mee ya obere ma ọ bụ jiri foto doro anya karị.","src/components/editor/useDesign.ts:50"
"Underline","Souligner","Underline","Fa ìlà sí ìsàlẹ̀","Layi a ƙasa","Ahịrị n'okpuru","src/components/editor/EditorShell.tsx:303 src/components/editor/DocCanvas.tsx:69 src/components/docs/DocsEditor.tsx:716"
"Understand your customers","Comprendre vos clients","Sabi your customers well","Lóye àwọn oníbàárà rẹ","Fahimci abokan cinikinka","Ghọta ndị ahịa gị","src/data/apps.ts:34"
"Undo","Annuler","Undo","Dá padà","Warware","Wepụ mgbanwe","src/components/design/DesignApp.tsx:124 src/components/design/overlays.tsx:274 src/components/editor/EditorShell.tsx:219"
"University of Ibadan","University of Ibadan","University of Ibadan","University of Ibadan","Jami’ar Ibadan","University of Ibadan","src/components/design/data.ts:97"
"Unlocks when you are verified","Se débloque une fois vérifié","E go open when you don verify","Ó máa ṣí nígbà tí a bá fìdí rẹ múlẹ̀","Yana buɗewa idan an tabbatar da kai","Na-emepe mgbe e kwenyechara gị","src/components/student/StudentView.tsx:154"
"Untitled","Sans titre","No title","Aláìní àkọlé","Mara suna","Enweghị aha","src/components/design/data.ts:113"
"Untitled {label}","{label} sans titre","No name {label}","{label} aláìní orúkọ","{label} mara suna","{label} enweghị aha","src/components/design/overlays.tsx:92 src/components/creator/dialogs.tsx:59"
"Untitled document","Document sans titre","Document wey no get title","Ìwé àkọsílẹ̀ aláìní àkọlé","Takarda mara suna","Akwụkwọ enweghị aha","src/components/design/docsViews.tsx:51 src/components/design/docsViews.tsx:67"
"Up to 40% off · Balogun Market","Jusqu'à 40 % de remise · Balogun Market","Up to 40% off · Balogun Market","Ìdínwó títí dé 40% · Balogun Market","Rangwame har 40% · Kasuwar Balogun","Ruo 40% ọnụahịa dị ala · Balogun Market","src/components/design/data.ts:63"
"Up to 70% off","Jusqu'à 70 % de remise","Reach 70% off","Ìdínwó títí dé 70%","Ragi har 70%","Ruo 70% ọnụ ahịa dara","src/components/editor/data.ts:36 src/components/design/data.ts:85"
"Upload a clear photo of your student ID card.","Importez une photo nette de votre carte d'étudiant.","Upload clear photo of your student ID card.","Gbé fọ́tò káàdì ìdánimọ̀ akẹ́kọ̀ọ́ rẹ tó ṣe kedere sókè.","Ɗora hoto fili na katin shaidar ɗalibinka.","Bulite foto doro anya nke kaadị ID nwa akwụkwọ gị.","src/components/student/StudentView.tsx:59"
"Upload a font file to get started.","Importez un fichier de police pour commencer.","Upload font file to start.","Gbé fáìlì fọ́ńtì sókè láti bẹ̀rẹ̀.","Ɗora fayil ɗin font don farawa.","Bulite faịlụ font ka ị malite.","src/components/fonts/FontStudio.tsx:263"
"Upload a photo or logo","Importer une photo ou un logo","Upload photo or logo","Gbé fọ́tò tàbí lógò sókè","Ɗora hoto ko tambari","Bulite foto ma ọ bụ logo","src/components/editor/EditorShell.tsx:152"
"Upload from computer","Importer depuis l'ordinateur","Upload from computer","Gbé sókè láti kọ̀ǹpútà","Ɗora daga kwamfuta","Bulite site na kọmputa","src/components/docs/menus.ts:102"
"Upload your font files. Once approved, designers can click it and start using it.","Importez vos fichiers de police. Une fois approuvée, les designers pourront la sélectionner et l'utiliser.","Upload your font files. Once dem approve am, designers fit click am and start to use am.","Gbé àwọn fáìlì fọ́ńtì rẹ sókè. Tí a bá fọwọ́ sí i, àwọn oníṣẹ́ àwòrán lè tẹ̀ ẹ́ kí wọ́n sì bẹ̀rẹ̀ sí lò ó.","Ɗora fayilolin font ɗinka. Da zarar an amince, masu zane za su iya danna shi su fara amfani da shi.","Bulite faịlụ font gị. Ozugbo e kwenyere, ndị na-ese design nwere ike ịpị ya malite iji ya.","src/components/creator/views.tsx:65"
"Uploads","Imports","Uploads","Ìgbésókè","Abubuwan da aka ɗora","Ihe ebuga","src/components/editor/EditorShell.tsx:25 src/components/design/data.ts:131"
"Uppercase","Majuscules","Uppercase","Lẹ́tà ńlá","Manyan haruffa","Mkpụrụedemede ukwu","src/components/docs/menus.ts:163"
"Use a photo (JPG or PNG) or a PDF.","Utilisez une photo (JPG ou PNG) ou un PDF.","Use photo (JPG or PNG) or PDF.","Lo fọ́tò (JPG tàbí PNG) tàbí PDF.","Yi amfani da hoto (JPG ko PNG) ko PDF.","Jiri foto (JPG ma ọ bụ PNG) ma ọ bụ PDF.","src/components/student/StudentView.tsx:68"
"Use at least 8 characters, with a letter and a number.","Utilisez au moins 8 caractères, dont une lettre et un chiffre.","Use at least 8 characters, with one letter and one number.","Lo ọ̀rọ̀ mẹ́jọ tó kéré jù, pẹ̀lú lẹ́tà kan àti nọ́ńbà kan.","Yi amfani da haruffa 8 aƙalla, tare da harafi da lamba.","Jiri mkpụrụedemede 8 opekata mpe, nwere mkpụrụedemede na ọnụọgụ.","src/components/auth/SignupForm.tsx:74"
"Use only fonts you are allowed to share, such as open-source fonts or fonts licensed for templates. List every font you used when you submit. Keep the text editable so others can change the words.","N'utilisez que des polices que vous avez le droit de partager, comme les polices open source ou sous licence pour modèles. Indiquez chaque police utilisée lors de la soumission. Gardez le texte modifiable pour que d'autres puissent changer les mots.","Use only fonts wey dem allow you to share, like open-source fonts or fonts wey get licence for templates. Write every font wey you use when you dey submit. Make the text fit edit so other people fit change the words.","Lo àwọn fọ́ńtì tí a gbà ọ́ láàyè láti pín nìkan, bíi fọ́ńtì ọ̀fẹ́ tí gbogbo ènìyàn lè lò tàbí fọ́ńtì tí a fún láṣẹ fún àwọn àwòṣe. Kọ gbogbo fọ́ńtì tí o lò sílẹ̀ nígbà tí o bá ń fi ránṣẹ́. Jẹ́ kí ọ̀rọ̀ inú rẹ̀ ṣeé ṣàtúnṣe kí àwọn ẹlòmíràn lè yí àwọn ọ̀rọ̀ náà padà.","Yi amfani da font ɗin da aka yarda ka raba kawai, kamar font na buɗaɗɗen tushe ko font mai lasisi na samfuri. Rubuta duk font ɗin da ka yi amfani da su lokacin aikawa. Bar rubutun ya zama mai iya gyarawa don wasu su canza kalmomin.","Jiri naanị font e kwere gị ka ị kesaa, dị ka font open-source ma ọ bụ font e nyere ikike maka template. Depụta font niile ị jiri mgbe ị na-ebunye. Hapụ ederede ka ọ dị mfe idezigharị ka ndị ọzọ nwee ike ịgbanwe okwu.","src/components/creator/views.tsx:370"
"Use only fonts you may share: open-source fonts or fonts licensed for templates.","N'utilisez que des polices que vous pouvez partager : polices open source ou sous licence pour modèles.","Use only fonts wey you fit share: open-source fonts or fonts wey get licence for templates.","Lo àwọn fọ́ńtì tí o lè pín nìkan: fọ́ńtì ọ̀fẹ́ tí gbogbo ènìyàn lè lò tàbí fọ́ńtì tí a fún láṣẹ fún àwọn àwòṣe.","Yi amfani da font ɗin da aka yarda ka raba kawai: font na buɗaɗɗen tushe ko font mai lasisi na samfuri.","Jiri naanị font ị nwere ike ikesa: font open-source ma ọ bụ font e nyere ikike maka template.","src/components/creator/dialogs.tsx:64"
"Use template {name}","Utiliser le modèle {name}","Use template {name}","Lo àwòṣe {name}","Yi amfani da samfurin {name}","Jiri template {name}","src/components/design/parts.tsx:93"
"Use your Ifiok account and confirm you are a student, a corps member or an individual creator.","Utilisez votre compte Ifiok et confirmez que vous êtes étudiant, membre du corps (NYSC) ou créateur indépendant.","Use your Ifiok account and confirm say you be student, corps member or individual creator.","Lo àkáǹtì Ifiok rẹ kí o sì jẹ́rìí pé akẹ́kọ̀ọ́, ọmọ ẹgbẹ́ NYSC tàbí olùṣẹ̀dá kọ̀ọ̀kan ni ọ́.","Yi amfani da asusunka na Ifiok ka tabbatar kai ɗalibi ne, ɗan bautar ƙasa ko mai ƙirƙira na kai-da-kai.","Jiri akaụntụ Ifiok gị ma kwado na ị bụ nwa akwụkwọ, onye corps ma ọ bụ onye okike n'onwe ya.","src/data/creators.ts:31"
"Using","Utilisé","Dey use","Ń lò","Ana amfani","Na-eji","src/components/design/overlays.tsx:83"
"Verified","Vérifié","Don verify","A ti fìdí rẹ̀ múlẹ̀","An tabbatar","E kwadoro","src/components/editor/SendToPrinter.tsx:88 src/components/creator/views.tsx:200"
"Verified printer","Imprimeur vérifié","Verified printer","Atẹ̀wé tí a fìdí rẹ̀ múlẹ̀","Tabbataccen mai ɗab’i","Onye na-ebipụta e gosipụtara","src/components/docs/menus.ts:118"
"Verified printers near you","Imprimeurs vérifiés près de chez vous","Verified printers wey near you","Àwọn atẹ̀wé tí a fìdí wọn múlẹ̀ nítòsí rẹ","Tabbatattun masu ɗab’i kusa da kai","Ndị na-ebipụta e gosipụtara nso gị","src/components/docs/DocsEditor.tsx:658"
"Verified student","Étudiant vérifié","Verified student","Akẹ́kọ̀ọ́ tí a fìdí rẹ̀ múlẹ̀","Ɗalibi da aka tabbatar","Nwa akwụkwọ e kwenyere","src/components/student/StudentView.tsx:209"
"Verified. Your student perks are on.","Vérifié. Vos avantages étudiants sont activés.","Don verify. Your student perks don open.","A ti fìdí rẹ̀ múlẹ̀. Àwọn àǹfààní akẹ́kọ̀ọ́ rẹ ti ṣí.","An tabbatar. Fa’idodin ɗalibinka sun buɗe.","Ekwenyere. Uru nwa akwụkwọ gị emeghere.","src/components/student/store.tsx:33"
"Verify","Vérifier","Verify","Fìdí múlẹ̀","Tabbatar","Kwenye","src/components/design/DesignApp.tsx:55"
"Verify and continue","Vérifier et continuer","Verify and continue","Fìdí rẹ̀ múlẹ̀, kí o sì tẹ̀síwájú","Tabbatar kuma ci gaba","Kwado ma gaa n'ihu","src/components/auth/SignupForm.tsx:140"
"Verify now","Vérifier maintenant","Verify now","Fìdí múlẹ̀ nísinsìnyí","Tabbatar yanzu","Kwenye ugbu a","src/components/student/StudentView.tsx:222"
"Verify once with your school ID and unlock Ifiok’s student perks.","Vérifiez-vous une fois avec votre carte d'étudiant et débloquez les avantages étudiants d’Ifiok.","Verify one time with your school ID and open Ifiok student perks.","Fìdí ara rẹ múlẹ̀ lẹ́ẹ̀kan pẹ̀lú káàdì ìdánimọ̀ ilé-ìwé rẹ kí o sì ṣí àwọn àǹfààní akẹ́kọ̀ọ́ Ifiok.","Tabbatar sau ɗaya da katin makarantarka ka buɗe fa’idodin ɗalibai na Ifiok.","Kwenye otu ugboro site na ID ụlọ akwụkwọ gị ma meghee uru nwa akwụkwọ nke Ifiok.","src/components/student/StudentView.tsx:172"
"Verify once with your school ID and unlock student perks.","Vérifiez-vous une fois avec votre carte d'étudiant et débloquez les avantages étudiants.","Verify one time with your school ID, then open student perks.","Fìdí ara rẹ múlẹ̀ lẹ́ẹ̀kan pẹ̀lú káàdì ìdánimọ̀ ilé-ìwé rẹ kí o sì ṣí àwọn àǹfààní akẹ́kọ̀ọ́.","Tabbatar sau ɗaya da katin makarantarka ka buɗe fa’idodin ɗalibi.","Kwenye otu ugboro site na ID ụlọ akwụkwọ gị ma meghee uru ndị nwa akwụkwọ.","src/components/design/data.ts:136"
"Verify once with your school ID and unlock your student perks. Your ID is only used to confirm you are a student.","Vérifiez-vous une fois avec votre carte d'étudiant et débloquez vos avantages. Votre carte sert uniquement à confirmer que vous êtes étudiant.","Verify one time with your school ID and open your student perks. We only dey use your ID to confirm say you be student.","Fìdí ara rẹ múlẹ̀ lẹ́ẹ̀kan pẹ̀lú káàdì ìdánimọ̀ ilé-ìwé rẹ kí o sì ṣí àwọn àǹfààní akẹ́kọ̀ọ́ rẹ. A kàn ń lo ìdánimọ̀ rẹ láti jẹ́rìí pé akẹ́kọ̀ọ́ ni ọ́.","Tabbatar sau ɗaya da katin makarantarka ka buɗe fa’idodin ɗalibinka. Ana amfani da katinka ne kawai don tabbatar da kai ɗalibi ne.","Kwenye otu ugboro site na ID ụlọ akwụkwọ gị ma meghee uru nwa akwụkwọ gị. A na-eji ID gị naanị iji kwado na ị bụ nwa akwụkwọ.","src/components/student/StudentView.tsx:85"
"Verify you are a student","Vérifiez que vous êtes étudiant","Verify say you be student","Fìdí rẹ̀ múlẹ̀ pé akẹ́kọ̀ọ́ ni ọ́","Tabbatar kai ɗalibi ne","Kwenye na ị bụ nwa akwụkwọ","src/components/student/StudentView.tsx:83"
"Verify your phone","Vérifiez votre téléphone","Verify your phone","Fìdí fóònù rẹ múlẹ̀","Tabbatar da wayarku","Kwado ekwentị gị","src/components/auth/SignupForm.tsx:137"
"Verifying…","Vérification…","Dey verify…","Ń fìdí rẹ̀ múlẹ̀…","Ana tabbatarwa…","Na-ekwado…","src/components/creator/views.tsx:262 src/components/auth/SignupForm.tsx:140"
"Version history","Historique des versions","Version history","Ìtàn àwọn ẹ̀yà","Tarihin sigogi","Akụkọ ụdị","src/components/docs/DocsEditor.tsx:511 src/components/docs/Dialogs.tsx:196 src/components/docs/menus.ts:41"
"Version restored.","Version restaurée.","Version don restore.","A ti dá ẹ̀yà náà padà.","An maido da sigar.","E weghachiri ụdị ahụ.","src/components/docs/DocsEditor.tsx:754"
"View","Voir","View","Wò","Duba","Lee","src/components/design/overlays.tsx:204 src/components/docs/menus.ts:73"
"View CorelDRAW","Voir CorelDRAW","View CorelDRAW","Wo CorelDRAW","Duba CorelDRAW","Lee CorelDRAW","src/components/design/views.tsx:89"
"View design","Voir le design","View design","Wo àwòrán","Duba zane","Lee design","src/components/design/parts.tsx:116"
"Viewer","Lecteur","Viewer","Olùwò","Mai kallo","Onye na-ele","src/components/docs/Dialogs.tsx:175 src/components/docs/Dialogs.tsx:182"
"Viewing","Lecture","Dey view","Wíwò","Kallo","Na-ele","src/components/editor/EditorShell.tsx:314 src/components/docs/DocsEditor.tsx:688 src/components/docs/Toolbar.tsx:188"
"Vigil","Vigil","Vigil","Vigil","Vigil","Vigil","src/data/apps.ts:121"
"Voice typing","Saisie vocale","Voice typing","Kíkọ̀wé pẹ̀lú ohùn","Rubutu da murya","Ide okwu olu","src/components/docs/menus.ts:227"
"Voice typing is not available in this browser.","La saisie vocale n'est pas disponible dans ce navigateur.","Voice typing no dey work for this browser.","Kíkọ̀wé pẹ̀lú ohùn kò sí nínú aṣàwákiri yìí.","Rubutu da murya babu shi a wannan burauzar.","Ide okwu olu adịghị n’brawsa a.","src/components/docs/DocsEditor.tsx:351"
"waiting on Ifiok","en attente d'Ifiok","dey wait for Ifiok","ń dúró de Ifiok","suna jiran Ifiok","na-eche Ifiok","src/components/creator/views.tsx:37 src/components/creator/views.tsx:69"
"Walls and notice boards","Murs et panneaux d'affichage","For wall and notice board","Ògiri àti pátákó ìkéde","Bango da allunan sanarwa","Mgbidi na bọọdụ ọkwa","src/components/design/data.ts:18"
"We are checking your ID","Nous vérifions votre carte","We dey check your ID","À ń yẹ ìdánimọ̀ rẹ wò","Muna duba katinka","Anyị na-elele ID gị","src/components/student/StudentView.tsx:179"
"We could not confirm you have the right to share this font.","Nous n'avons pas pu confirmer que vous avez le droit de partager cette police.","We no fit confirm say you get right to share this font.","A kò lè fìdí rẹ̀ múlẹ̀ pé o ní ẹ̀tọ́ láti pín fọ́ńtì yìí.","Ba mu iya tabbatar da cewa kana da ikon raba wannan font ba.","Anyị enweghị ike ikwado na ị nwere ikike ikesa font a.","src/components/creator/store.tsx:157"
"We could not read your student ID. Please upload a clear, well-lit photo of the front of the card and apply again.","Nous n'avons pas pu lire votre carte d'étudiant. Importez une photo nette et bien éclairée du recto de la carte, puis refaites la demande.","We no fit read your student ID. Abeg upload clear photo wey get good light of the front of the card, then apply again.","A kò lè ka káàdì ìdánimọ̀ akẹ́kọ̀ọ́ rẹ. Jọ̀wọ́ gbé fọ́tò ojú iwájú káàdì náà tó ṣe kedere, tí ìmọ́lẹ̀ wà dáadáa, sókè, kí o sì tún béèrè.","Ba mu iya karanta katin ɗalibinka ba. Da fatan ka ɗora hoto mai haske kuma fili na gaban katin, sannan ka sake nema.","Anyị enweghị ike ịgụ ID nwa akwụkwọ gị. Biko bulite foto doro anya, nwere ezigbo ìhè, nke ihu kaadị ahụ ma tinye akwụkwọ ọzọ.","src/components/student/store.tsx:34"
"We could not verify you yet","Nous n'avons pas encore pu vous vérifier","We never fit verify you","A kò tíì lè fìdí rẹ múlẹ̀","Ba mu iya tabbatar da kai tukuna ba","Anyị enwebeghị ike ikwenye gị","src/components/student/StudentView.tsx:176"
"We could not verify your ID yet","Nous n'avons pas encore pu vérifier votre carte","We never fit verify your ID","A kò tíì lè fìdí ìdánimọ̀ rẹ múlẹ̀","Ba mu iya tabbatar da katinka tukuna ba","Anyị enwebeghị ike ikwenye ID gị","src/components/student/StudentView.tsx:219"
"We need your consent to verify your identity.","Nous avons besoin de votre consentement pour vérifier votre identité.","We need your yes before we verify who you be.","A nílò ìfọwọ́sí rẹ láti fìdí ẹni tí o jẹ́ múlẹ̀.","Muna buƙatar yardarka don tabbatar da shaidarka.","Anyị chọrọ nkwenye gị iji kwado onye ị bụ.","src/components/creator/views.tsx:221"
"We need your OK to check your ID.","Nous avons besoin de votre accord pour vérifier votre carte.","We need your OK to check your ID.","A nílò ìyọ̀nda rẹ láti yẹ ìdánimọ̀ rẹ wò.","Muna buƙatar amincewarka don duba katinka.","Anyị chọrọ nkwenye gị ka anyị lelee ID gị.","src/components/student/StudentView.tsx:61"
"We propose a small print kiosk at the Ikeja market gate. Traders design their flyers and receipts on their phones, send them to a verified printer nearby and collect the same day. This document explains the cost, the timeline and what we need from the association.","Nous proposons un petit kiosque d'impression à l'entrée du marché d'Ikeja. Les commerçants conçoivent leurs flyers et reçus sur leur téléphone, les envoient à un imprimeur vérifié à proximité et récupèrent le tout le jour même. Ce document présente le coût, le calendrier et ce dont nous avons besoin de la part de l'association.","We dey propose small print kiosk for Ikeja market gate. Traders go design their flyers and receipts for their phone, send am go verified printer wey near, then collect am the same day. This document explain the cost, the timeline and wetin we need from the association.","À ń dá kióósì títẹ̀wé kékeré kan lábàá ní ẹnu ọ̀nà ọjà Ikeja. Àwọn oníṣòwò yóò ṣe àwòrán ìwé ìpolówó àti ìwé ẹ̀rí owó wọn lórí fóònù wọn, wọn yóò fi ránṣẹ́ sí atẹ̀wé tí a fìdí rẹ̀ múlẹ̀ nítòsí, wọn yóò sì gbà á ní ọjọ́ kan náà. Ìwé yìí ṣàlàyé iye owó, àkókò iṣẹ́ àti ohun tí a nílò láti ọ̀dọ̀ ẹgbẹ́ náà.","Muna ba da shawarar kafa ƙaramar rumfar ɗab’i a ƙofar kasuwar Ikeja. Ƴan kasuwa za su tsara takardun talla da rasit ɗinsu a wayoyinsu, su aika wa tabbataccen mai ɗab’i na kusa, su karɓa a rana ɗaya. Wannan takarda tana bayyana kuɗin, jadawalin lokaci da abin da muke buƙata daga ƙungiyar.","Anyị na-atụ aro obere kiosk mbipụta n’ọnụ ụzọ ahịa Ikeja. Ndị ahịa ga-emepụta flaya na risịt ha na ekwentị ha, zipụ ha nye onye na-ebipụta e gosipụtara nso ha, ma were ha n’otu ụbọchị ahụ. Akwụkwọ a na-akọwa ọnụ ahịa, usoro oge na ihe anyị chọrọ n’aka òtù ahụ.","src/components/docs/content.ts:9"
"We review the request and pay by bank transfer to your verified account.","Nous examinons la demande et payons par virement bancaire sur votre compte vérifié.","We go check the request and pay by bank transfer enter your verified account.","A óò ṣe àyẹ̀wò ìbéèrè náà, a ó sì sanwó nípasẹ̀ ìfiránṣẹ́ báńkì sí àkáǹtì rẹ tí a ti fìdí rẹ̀ múlẹ̀.","Muna duba buƙatar kuma mu biya ta tura kuɗi ta banki zuwa asusunka da aka tabbatar.","Anyị na-ele arịrịọ ahụ anya ma kwụọ ụgwọ site n'ịkwụ ego banki na akaụntụ gị e kwadoro.","src/components/creator/views.tsx:311"
"We send your order updates and the code here.","Nous envoyons ici les mises à jour de vos commandes et le code.","We go send your order updates and the code here.","Níbí ni a ó ti fi ìròyìn àṣẹ rẹ àti kóòdù ránṣẹ́.","Muna aiko muku sabbin bayanan odarku da lambar nan.","Anyị na-ezipụ gị mmelite iwu gị na koodu ebe a.","src/components/auth/SignupForm.tsx:113"
"We sent a 6-digit code to +234 {phone}. Enter it below.","Nous avons envoyé un code à 6 chiffres au +234 {phone}. Saisissez-le ci-dessous.","We don send 6-digit code go +234 {phone}. Put am below.","A fi kóòdù oní-nọ́ńbà mẹ́fà ránṣẹ́ sí +234 {phone}. Tẹ̀ ẹ́ sísàlẹ̀ yìí.","Mun aika lamba mai lambobi 6 zuwa +234 {phone}. Shigar da ita a ƙasa.","Anyị zigara koodu nke ọnụọgụ 6 na +234 {phone}. Tinye ya n'okpuru.","src/components/auth/SignupForm.tsx:138"
"We will let you know here.","Nous vous préviendrons ici.","We go tell you here.","A ó jẹ́ kí o mọ̀ níbí.","Za mu sanar da kai a nan.","Anyị ga-agwa gị ebe a.","src/components/student/StudentView.tsx:220"
"Weak","Faible","Weak","Kò lágbára","Mai rauni","Ọ dịghị ike","src/components/auth/SignupForm.tsx:89"
"Web page (.html)","Page web (.html)","Web page (.html)","Ojú-ewé wẹ́ẹ̀bù (.html)","Shafin yanar gizo (.html)","Peeji weebụ (.html)","src/components/docs/menus.ts:31"
"Wedding Invitation","Faire-part de mariage","Wedding Invitation","Ìpè Ìgbéyàwó","Gayyatar Aure","Oku agbamakwụkwọ","src/components/editor/data.ts:43"
"Wedding Invitation — Gold","Faire-part de mariage — Or","Wedding Invitation — Gold","Káàdì Ìpè Ìgbéyàwó — Wúrà","Katin Gayyatar Aure — Zinari","Òkù Agbamakwụkwọ — Ọla edo","src/data/creator-app.ts:66 src/data/creator-app.ts:78"
"Weddings","Mariages","Weddings","Ìgbéyàwó","Aure","Agbamakwụkwọ","src/components/design/data.ts:76 src/components/design/data.ts:98 src/components/design/data.ts:99"
"Weddings, naming, launches","Mariages, baptêmes, lancements","Weddings, naming ceremony, launches","Ìgbéyàwó, ìkómọ, ìbẹ̀rẹ̀ iṣẹ́","Aure, suna, ƙaddamarwa","Agbamakwụkwọ, ihe ọmụmụ, mmeghe","src/components/design/data.ts:29"
"Weekend","Week-end","Weekend","Òpin Ọ̀sẹ̀","Ƙarshen mako","Ngwụsị Izu","src/data/creator-app.ts:63"
"Welcome back","Bon retour","Welcome back","Káàbọ̀ padà","Barka da dawowa","Nnọọ ọzọ","src/components/auth/LoginForm.tsx:49"
"Welcome back, {first}","Bon retour, {first}","Welcome back, {first}","Káàbọ̀ padà, {first}","Barka da dawowa, {first}","Nnọọ ọzọ, {first}","src/components/design/views.tsx:51"
"Welcome, Oluwaseun","Bienvenue, Oluwaseun","You are welcome, Oluwaseun","Káàbọ̀, Oluwaseun","Barka da zuwa, Oluwaseun","Nnọọ, Oluwaseun","src/components/design/data.ts:93"
"What are you making?","Que créez-vous ?","Wetin you dey make?","Kí ni o ń ṣe?","Me kake ƙirƙira?","Gịnị ka ị na-emepụta?","src/components/design/overlays.tsx:296"
"What can I submit?","Que puis-je soumettre ?","Wetin I fit submit?","Kí ni mo lè fi ránṣẹ́?","Me zan iya aikawa?","Kedu ihe m nwere ike ibunye?","src/data/creators.ts:123"
"What inspired it? Where does it look best?","Qu'est-ce qui l'a inspirée ? Où rend-elle le mieux ?","Wetin give you the idea? Where e go look best?","Kí ló fún ọ ní ìmísí? Níbo ni ó ti dára jù?","Me ya ƙarfafa shi? A ina ya fi kyau?","Gịnị kpaliri ya? Ebe ọ na-adị mma kachasị?","src/components/fonts/FontStudio.tsx:150"
"What is it good for?","Pour quoi est-elle adaptée ?","Wetin e good for?","Kí ni ó dára fún?","Me ya fi dacewa da shi?","Gịnị ka ọ dị mma maka ya?","src/components/fonts/FontStudio.tsx:144"
"What is new","Nouveautés","Wetin new","Ohun tuntun","Sabbin abubuwa","Ihe ọhụrụ","src/components/docs/menus.ts:248"
"What it costs","Ce que ça coûte","How much e cost","Iye tó ń ná","Nawa ne kuɗinsa","Ihe ọ ga-efu","src/components/docs/content.ts:10"
"What reviewers look for. Reviews take {reviewTime}.","Ce que les examinateurs recherchent. L'examen prend {reviewTime}.","Wetin reviewers dey look. Review dey take {reviewTime}.","Ohun tí àwọn olùyẹ̀wò ń wá. Àyẹ̀wò máa ń gba {reviewTime}.","Abin da masu dubawa ke nema. Dubawa na ɗaukar {reviewTime}.","Ihe ndị nlele na-achọ. Nlele na-ewe {reviewTime}.","src/components/creator/views.tsx:364"
"What will you design today?","Qu'allez-vous créer aujourd'hui ?","Wetin you wan design today?","Àwòrán kí ni o máa ṣe lónìí?","Me za ka zana yau?","Gịnị ka ị ga-emepụta taa?","src/components/design/views.tsx:52"
"What will you do first?","Que ferez-vous en premier ?","Wetin you wan do first?","Kí ni o máa kọ́kọ́ ṣe?","Me za ku fara yi?","Gịnị ka ị ga-ebu ụzọ mee?","src/components/auth/SignupForm.tsx:99 src/components/auth/SignupForm.tsx:100"
"What you get","Ce que vous obtenez","Wetin you go get","Ohun tí o máa gbà","Abin da za ka samu","Ihe ị na-enweta","src/components/student/StudentView.tsx:192"
"WhatsApp status","Statut WhatsApp","WhatsApp status","Status WhatsApp","Status ɗin WhatsApp","Status WhatsApp","src/data/creator-app.ts:33"
"When the Ifiok team approves a template, a one-off payment for it is added to your available balance.","Lorsque l'équipe Ifiok approuve un modèle, un paiement unique correspondant est ajouté à votre solde disponible.","When Ifiok team approve template, one-time payment for am go enter your available balance.","Nígbà tí ẹgbẹ́ Ifiok bá fọwọ́ sí àwòṣe kan, a óò fi owó ìsanwó lẹ́ẹ̀kan fún un kún ìyókù owó rẹ tó wà.","Idan ƙungiyar Ifiok ta amince da samfuri, ana ƙara biyan kuɗi na sau ɗaya a kansa cikin kuɗin da kake da shi.","Mgbe ndị otu Ifiok kwenyere na template, a na-etinye ụgwọ otu ugboro maka ya na ego dị gị.","src/components/creator/views.tsx:309"
"Where should we pay you?","Où devons-nous vous payer ?","Where make we pay you?","Níbo ni kí a ti sanwó fún ọ?","A ina za mu biya ka?","Ebee ka anyị kwụọ gị ụgwọ?","src/components/creator/views.tsx:231"
"Where your files are","Où sont vos fichiers","Where your files dey","Ibi tí àwọn fáìlì rẹ wà","Inda fayilolinka suke","Ebe faịlụ gị nọ","src/components/design/views.tsx:170"
"White Wedding","Mariage en blanc","White Wedding","Ìgbéyàwó Funfun","Bikin Auren Fari","Agbamakwụkwọ Ọcha","src/components/design/data.ts:99"
"Who approves my templates?","Qui approuve mes modèles ?","Who dey approve my templates?","Ta ni ń fọwọ́ sí àwọn àwòṣe mi?","Wa ke amincewa da samfuraina?","Ònye na-ekwenye na template m?","src/data/creators.ts:119"
"Who can apply?","Qui peut postuler ?","Who fit apply?","Ta ni lè béèrè fún un?","Wa zai iya nema?","Ònye nwere ike ịrịọ?","src/data/creators.ts:118"
"Who can open","Qui peut ouvrir","Who fit open","Ẹni tó lè ṣí i","Wanda zai iya buɗewa","Onye pụrụ imepe","src/components/docs/Dialogs.tsx:186"
"Wide","Large","Wide","Fífẹ̀","Mai faɗi","Sara mbara","src/components/docs/content.ts:76 src/data/fonts.ts:7"
"Width","Largeur","Width","Fífẹ̀","Faɗi","Obosara","src/components/design/overlays.tsx:105"
"Word count","Nombre de mots","Word count","Iye ọ̀rọ̀","Ƙididdigar kalmomi","Ọnụọgụ okwu","src/components/docs/Dialogs.tsx:73 src/components/docs/menus.ts:215 src/components/docs/menus.ts:294"
"Word, PDF or text, up to 25 MB","Word, PDF ou texte, jusqu'à 25 Mo","Word, PDF or text, reach 25 MB","Word, PDF tàbí ọ̀rọ̀ kíkọ, tó 25 MB","Word, PDF ko rubutu, har zuwa 25 MB","Word, PDF ma ọ bụ ederede, ruo 25 MB","src/components/design/docsViews.tsx:89"
"Words","Mots","Words","Àwọn ọ̀rọ̀","Kalmomi","Okwu","src/components/docs/Dialogs.tsx:71 src/components/docs/Dialogs.tsx:219"
"Work that copies another designer, a brand or a template from somewhere else.","Travaux qui copient un autre designer, une marque ou un modèle venu d'ailleurs.","Work wey copy another designer, a brand or template from another place.","Iṣẹ́ tí ó ń dà kọ oníṣẹ́ àwòrán míràn, ilé iṣẹ́ kan tàbí àwòṣe láti ibòmíràn.","Aikin da ya kwafi wani mai zane, wata alama ko samfuri daga wani wuri.","Ọrụ nke na-ṅomi onye ọzọ na-ese design, brand ma ọ bụ template si ebe ọzọ.","src/data/creators.ts:99"
"Write a headline for this flyer","Rédiger un titre accrocheur pour ce flyer","Write headline for dis flyer","Kọ àkọlé fún fláyà yìí","Rubuta kanun labari na wannan fosta","Dee isi okwu maka flaya a","src/components/editor/EditorShell.tsx:179"
"Write, edit and sign documents and PDFs with Ifiok Docs.","Rédigez, modifiez et signez des documents et des PDF avec Ifiok Docs.","Write, edit and sign documents and PDFs with Ifiok Docs.","Kọ, ṣàtúnṣe àti buwọ́lù àwọn ìwé àkọsílẹ̀ àti PDF pẹ̀lú Ifiok Docs.","Rubuta, gyara da sa hannu a takardu da PDF da Ifiok Docs.","Dee, dezie ma bịanye aka n'akwụkwọ na PDF site na Ifiok Docs.","src/components/design/docsViews.tsx:82"
"Write, rewrite or translate","Rédiger, reformuler ou traduire","Write, rewrite or translate","Kọ, tún kọ tàbí túmọ̀","Rubuta, sake rubutawa ko fassara","Dee, dekwaa ma ọ bụ sụgharịa","src/components/editor/EditorShell.tsx:179"
"Yaba print shop","Imprimerie de Yaba","Yaba print shop","Ṣọ́ọ̀bù ìtẹ̀wé Yaba","Shagon ɗab’i na Yaba","Ụlọ mbipụta Yaba","src/components/design/data.ts:117 src/components/design/data.ts:120"
"Yesterday","Hier","Yesterday","Àná","Jiya","Nnyaafụ","src/components/docs/content.ts:68 src/components/editor/data.ts:82 src/components/design/data.ts:62"
"Yesterday, 4:12 pm","Hier, 16:12","Yesterday, 4:12 pm","Lánàá, 4:12 ọ̀sán","Jiya, 4:12 na yamma","Ụnyaahụ, 4:12 n’abalị","src/components/docs/content.ts:60"
"Yorùbá","Yorùbá","Yorùbá","Yorùbá","Yorùbá","Yorùbá","src/components/fonts/FontStudio.tsx:183 src/components/fonts/FontStudio.tsx:223 src/components/fonts/FontsView.tsx:101"
"Yorùbá, Igbo & Hausa marks","Signes yorùbá, igbo et haoussa","Yorùbá, Igbo & Hausa marks","Àmì Yorùbá, Igbo àti Hausa","Alamomin Yorùbá, Igbo da Hausa","Akara Yorùbá, Igbo na Hausa","src/components/fonts/FontsView.tsx:48"
"You","Vous","You","Ìwọ","Kai","Gị","src/components/docs/DocsEditor.tsx:462 src/components/docs/Dialogs.tsx:180 src/components/docs/Dialogs.tsx:219"
"You are a verified student","Vous êtes un étudiant vérifié","You be verified student","Akẹ́kọ̀ọ́ tí a ti fìdí rẹ̀ múlẹ̀ ni ọ́","Kai ɗalibi ne da aka tabbatar","Ị bụ nwa akwụkwọ e kwenyere","src/components/student/StudentView.tsx:187"
"You are all caught up.","Vous êtes à jour.","You don see everything.","Kò sí nǹkan tuntun mọ́.","Ba ka da wani abu da ya rage.","Ị gụchaala ihe niile.","src/components/design/DesignApp.tsx:195"
"You are here","Vous êtes ici","Na here you dey","O wà níbí","Kana nan","Ị nọ ebe a","src/components/AppsMenu.tsx:56"
"You are verified, {first}","Vous êtes vérifié(e), {first}","You don verify, {first}","A ti fìdí rẹ múlẹ̀, {first}","An tabbatar da kai, {first}","E kwenyela gị, {first}","src/components/student/StudentView.tsx:171"
"You can add up to 6 files.","Vous pouvez ajouter jusqu'à 6 fichiers.","You fit add 6 files at most.","O lè fi àwọn fáìlì tó tó 6 kún un.","Za ka iya ƙara fayiloli har 6.","Ị nwere ike itinye faịlụ ruo 6.","src/components/fonts/FontStudio.tsx:65"
"You can duplicate this template, rework it and submit it again.","Vous pouvez dupliquer ce modèle, le retravailler et le soumettre à nouveau.","You fit duplicate this template, fix am well and submit am again.","O lè ṣe ẹ̀dà àwòṣe yìí, tún un ṣe, kí o sì fi ránṣẹ́ lẹ́ẹ̀kan sí i.","Za ka iya kwafar wannan samfuri, ka sake gyara shi, ka sake aikawa.","Ị nwere ike iṅomi template a, megharịa ya ma bunyeghachi ya.","src/components/creator/dialogs.tsx:175"
"You can request a payout now.","Vous pouvez demander un versement maintenant.","You fit ask for payout now.","O lè béèrè fún ìsanwó báyìí.","Za ka iya neman biyan kuɗi yanzu.","Ị nwere ike ịrịọ ịkwụ ụgwọ ugbu a.","src/components/creator/views.tsx:91"
"You made it yourself, and the fonts, photos and icons in it are ones you may use.","Vous l'avez créé vous-même, et les polices, photos et icônes utilisées sont libres d'usage pour vous.","You make am yourself, and the fonts, photos and icons wey dey inside na ones wey you fit use.","Ìwọ fúnra rẹ ni o ṣe é, àwọn fọ́ńtì, fọ́tò àti aami inú rẹ̀ sì jẹ́ èyí tí o lè lò.","Kai da kanka ka yi shi, kuma font, hotuna da alamun da ke ciki an yarda ka yi amfani da su.","Ị mere ya n'onwe gị, ma font, foto na icon dị na ya bụ ndị ị nwere ike iji.","src/data/creators.ts:96"
"You need {amount} available to request a payout.","Vous devez avoir {amount} disponibles pour demander un versement.","You need {amount} available before you fit ask for payout.","O nílò {amount} láti béèrè fún ìsanwó.","Kana buƙatar {amount} a hannunka don neman biyan kuɗi.","Ị chọrọ {amount} dị iji rịọ ịkwụ ụgwọ.","src/components/creator/views.tsx:285"
"Your BVN is 11 digits.","Votre BVN comporte 11 chiffres.","Your BVN na 11 digits.","BVN rẹ jẹ́ díjítì 11.","BVN ɗinka lamba 11 ne.","BVN gị nwere ọnụọgụ 11.","src/components/creator/views.tsx:220"
"Your documents","Vos documents","Your documents","Àwọn ìwé àkọsílẹ̀ rẹ","Takardunka","Akwụkwọ gị","src/components/design/views.tsx:110 src/components/design/docsViews.tsx:105"
"Your earnings and payments. Only you can see this page.","Vos gains et paiements. Vous seul voyez cette page.","Your earnings and payments. Only you fit see this page.","Owó tí o rí àti àwọn ìsanwó rẹ. Ìwọ nìkan ló lè rí ojú-ìwé yìí.","Kuɗin shigarka da biyan kuɗinka. Kai kaɗai za ka iya ganin wannan shafi.","Ego ị rụpụtara na ịkwụ ụgwọ gị. Naanị gị nwere ike ịhụ ibe a.","src/components/creator/views.tsx:290"
"Your edits become suggestions","Vos modifications deviennent des suggestions","Your edits go turn suggestions","Àwọn àtúnṣe rẹ yóò di ìdálábàá","Gyare-gyarenka za su zama shawarwari","Mgbanwe gị ga-aghọ aro","src/components/docs/Toolbar.tsx:188 src/components/docs/menus.ts:77"
"Your files","Vos fichiers","Your files","Àwọn fáìlì rẹ","Fayilolinka","Faịlụ gị","src/components/design/overlays.tsx:205 src/components/design/overlays.tsx:210"
"Your font","Votre police","Your font","Fọ́ńtì rẹ","Font ɗinka","Font gị","src/components/fonts/FontStudio.tsx:216"
"Your matric number","Votre numéro matricule","Your matric number","Nọ́ńbà ìforúkọsílẹ̀ rẹ","Lambar ɗalibinka","Nọmba matric gị","src/components/student/StudentView.tsx:110"
"Your name","Votre nom","Your name","Orúkọ rẹ","Sunanka","Aha gị","src/components/creator/views.tsx:392"
"Your Name","Votre Nom","Your Name","Orúkọ Rẹ","Sunanka","Aha Gị","src/components/design/data.ts:79 src/components/design/data.ts:103"
"Your NIN is 11 digits.","Votre NIN comporte 11 chiffres.","Your NIN na 11 digits.","NIN rẹ jẹ́ díjítì 11.","NIN ɗinka lamba 11 ne.","NIN gị nwere ọnụọgụ 11.","src/components/creator/views.tsx:219"
"Your numbers","Vos chiffres","Your numbers","Àwọn nọ́ńbà rẹ","Alƙaluman ka","Ọnụọgụ gị","src/components/creator/views.tsx:67"
"Your payouts appear on your creator dashboard when you sign in. You add your payout details there after you are approved, so the application never asks for a bank account.","Vos versements apparaissent sur votre tableau de bord créateur à la connexion. Vous y ajoutez vos informations de versement après votre approbation : la candidature ne demande jamais de compte bancaire.","Your payouts go show for your creator dashboard when you sign in. You go add your payout details there after dem approve you, so the application no dey ask for bank account.","Àwọn ìsanwó rẹ máa hàn lórí pátákó olùṣẹ̀dá rẹ nígbà tí o bá wọlé. Níbẹ̀ ni wàá ti fi àlàyé ìsanwó rẹ kún un lẹ́yìn tí a bá fọwọ́ sí ọ, nítorí náà fọ́ọ̀mù ìbéèrè kì í béèrè fún àkáǹtì báńkì.","Biyan kuɗinka na bayyana a dashbod ɗin mai ƙirƙira idan ka shiga. Za ka ƙara bayanan biyan kuɗinka a can bayan an amince da kai, don haka neman shiga ba ya tambayar asusun banki.","Ịkwụ ụgwọ gị na-apụta na dashboard onye okike gị mgbe ị banyere. Ị na-etinye nkọwa ịkwụ ụgwọ gị n'ebe ahụ mgbe e kwenyechara gị, ya mere ngwa ahụ anaghị ajụ akaụntụ banki.","src/data/creators.ts:121"
"Your perks","Vos avantages","Your perks","Àwọn àǹfààní rẹ","Fa’idodinka","Uru gị","src/components/student/StudentView.tsx:192 src/components/student/StudentView.tsx:210"
"Your photos, logos and PDFs, ready to drop into any design.","Vos photos, logos et PDF, prêts à être glissés dans n'importe quel design.","Your photos, logos and PDFs, ready to put for any design.","Àwọn fọ́tò, lògó àti PDF rẹ, ṣetán láti fi sínú àwòrán èyíkéyìí.","Hotunanka, tambura da PDF ɗinka, a shirye don sanyawa a kowane zane.","Foto, logo na PDF gị, dị njikere itinye n’ime design ọ bụla.","src/components/design/data.ts:131"
"Your profile, delivery addresses and payment preferences.","Votre profil, adresses de livraison et préférences de paiement.","Your profile, delivery addresses and how you want pay.","Pírófáìlì rẹ, àdírẹ́sì ìfijíṣẹ́ àti ètò ìsanwó.","Bayananka, adiresoshin isarwa da zaɓin biyan kuɗi.","Profaịlụ gị, adreesị nnyefe na ụzọ ịkwụ ụgwọ masịrị gị.","src/components/design/data.ts:138"
"Your school","Votre établissement","Your school","Ilé-ìwé rẹ","Makarantarka","Ụlọ akwụkwọ gị","src/data/student.ts:21"
"Your student ID is being checked","Votre carte d'étudiant est en cours de vérification","We dey check your student ID","À ń yẹ káàdì ìdánimọ̀ akẹ́kọ̀ọ́ rẹ wò","Ana duba katin ɗalibinka","A na-elele ID nwa akwụkwọ gị","src/components/student/StudentView.tsx:219"
"Your student perks are on. Make something for class today.","Vos avantages étudiants sont activés. Créez quelque chose pour vos cours aujourd'hui.","Your student perks don open. Make something for class today.","Àwọn àǹfààní akẹ́kọ̀ọ́ rẹ ti ṣí. Ṣe nǹkan kan fún kíláàsì lónìí.","Fa’idodin ɗalibinka sun buɗe. Ƙirƙiri wani abu don aji yau.","Uru nwa akwụkwọ gị emeghere. Mepụta ihe maka klaasị taa.","src/components/student/StudentView.tsx:172"
"Yours sincerely,","Veuillez agréer mes salutations distinguées,","Yours sincerely,","Tìrẹ ní tòótọ́,","Naka da gaske,","Nke gị n’eziokwu,","src/components/docs/content.ts:27"
"YouTube thumbnail","Miniature YouTube","YouTube thumbnail","Àwòrán kékeré YouTube","Hoton gaba na YouTube","Thumbnail YouTube","src/data/creator-app.ts:34"
"Zoom","Zoom","Zoom","Sún","Zuƙowa","Mee ka ọ buru ibu","src/components/docs/menus.ts:88"
"Zoom in","Zoom avant","Zoom in","Sún mọ́ ọn","Kusanto","Gbasaa","src/components/editor/EditorShell.tsx:350 src/components/docs/DocsEditor.tsx:708"
"Zoom out","Zoom arrière","Zoom out","Sún kúrò","Nesanta","Belata","src/components/editor/EditorShell.tsx:348 src/components/docs/DocsEditor.tsx:706"
